Male - You look ten years younger than you are.,"Male - You host your extended family for a holiday meal; they think it’s the best
meal they’ve ever had.",Male - Your children are healthier and taller than average for their age.,Male - You take very good care of your children.,Male - You can support your children economically.,"Male - You are playing a throwing game with your friends. All your throws hit the
target.",Male - You come from a wealthy family with high status and many connections.,Male - You are very smart.,Male - You have more years of education than those around you.,Male - You have good table manners.,"Male - You get into a fight in front of everybody and you completely dominate your
opponent with punch after punch, until your opponent is knocked out.",Male - You are physically attractive.,Male - You are wealthy.,Male - You are generous with others.,Male - You are ambitious.,Male - You have many unique skills.,Male - You have a lot of good friends.,Male - You are trustworthy.,"Male - When there is a conflict in your community,
people ask you to mediate between the two sides.","Male - Your [Field-5] is the most attractive [Field-8]
of your community.",Male - You are the tallest in your circle of friends.,Male - People love your sense of humor.,"Male - An acquaintance of yours had been bullying you
for a while. At some point you got tired of it, and you beat [Field-3]
very badly. You were never bullied again.",Male - You finished first in a marathon.,"Male - People think that you are the bravest [Field-10]
of your community.",condition (0 = self; 1 = other),,,,,,,,,,,,,,,,,,,,,,,,"Male - People think that [Field-2] is the bravest
[Field-10] of [Field-4] community.",Female - [Field-7] looks ten years younger than [Field-2] is.,"Female - [Field-7] hosts [Field-4] extended family for a holiday meal;
they think it’s the best meal they’ve ever had.",Female - [Field-11] children are healthier and taller than average for their age.,Female - [Field-7] takes very good care of [Field-4] children.,Female - [Field-7] can support [Field-4] children economically.,"Female - [Field-7] is playing a throwing game with [Field-4] friends.
All [Field-4] throws hit the target.",Female - [Field-7] comes from a wealthy family with high status and many connections.,Female - [Field-7] is very smart.,Female - [Field-7] has more years of education than those around [Field-3].,Female - [Field-7] has good table manners.,"Female - [Field-7] gets into a fight in front of everybody and [Field-2]
completely dominates [Field-4] opponent with punch after punch, until [Field-4] opponent is knocked out.",Female - [Field-7] is physically attractive.,Female - [Field-7] is wealthy.,Female - [Field-7] is generous with others.,Female - [Field-7] is ambitious.,Female - [Field-7] has many unique skills.,Female - [Field-7] has a lot of good friends.,Female - [Field-7] is trustworthy.,"Female - When there is a conflict in [Field-4] community,
people ask [Field-3] to mediate between the two sides.","Female - [Field-11] [Field-5] is the most
attractive [Field-8] of [Field-4] community.","Female - [Field-7] is the tallest in [Field-4]
circle of friends.",Female - People love [Field-4] sense of humor.,"Female - An acquaintance of [Field-9] had been
bullying [Field-3] for a while. At some point [Field-2] got tired
of it, and [Field-2] beat [Field-3] very badly. [Field-7] was never bullied again.",Female - [Field-7] finished first in a marathon.,"Female - People think that [Field-2] is the bravest
[Field-10] of [Field-4] community.",What is your age? (type answer),Man_check,comment,mTurkCode
4,3,6,3,5,4,6,6,5,3,5,5,6,4,5,6,6,6,5,2,2,6,2,6,5,0,,,,,,,,,,,,,,,,,,,,,,,,,,,,,,,,,,,,,,,,,,,,,,,,,,18,issues of geography,,882672
5,6,5,6,5,5,4,5,5,5,3,5,5,5,5,5,5,5,5,5,4,5,3,6,5,0,,,,,,,,,,,,,,,,,,,,,,,,,,,,,,,,,,,,,,,,,,,,,,,,,,23,issues of geography,,891585
no pride at all,5,4,5,6,2,2,3,2,no pride at all,no pride at all,2,no pride at all,3,5,6,6,5,5,5,no pride at all,5,no pride at all,6,no pride at all,0,,,,,,,,,,,,,,,,,,,,,,,,,,,,,,,,,,,,,,,,,,,,,,,,,,18,issues of geography,Good Study ^_^,150212
5,a lot of pride,5,a lot of pride,a lot of pride,a lot of pride,6,a lot of pride,a lot of pride,6,6,4,2,6,a lot of pride,a lot of pride,6,6,a lot of pride,a lot of pride,2,a lot of pride,5,a lot of pride,a lot of pride,0,,,,,,,,,,,,,,,,,,,,,,,,,,,,,,,,,,,,,,,,,,,,,,,,,,19,issues of religion,,546756
no pride at all,4,3,a lot of pride,a lot of pride,3,no pride at all,4,3,a lot of pride,no pride at all,3,no pride at all,a lot of pride,4,4,a lot of pride,a lot of pride,a lot of pride,3,no pride at all,4,no pride at all,4,2,0,,,,,,,,,,,,,,,,,,,,,,,,,,,,,,,,,,,,,,,,,,,,,,,,,,19,issues of geography,,380142
5,a lot of pride,4,a lot of pride,a lot of pride,a lot of pride,4,a lot of pride,4,a lot of pride,no pride at all,6,5,a lot of pride,a lot of pride,a lot of pride,a lot of pride,a lot of pride,a lot of pride,a lot of pride,4,a lot of pride,a lot of pride,a lot of pride,5,0,,,,,,,,,,,,,,,,,,,,,,,,,,,,,,,,,,,,,,,,,,,,,,,,,,23,issues of geography,,657652
3,5,4,3,4,4,2,3,3,6,a lot of pride,2,2,5,a lot of pride,3,3,6,3,4,3,5,6,5,4,0,,,,,,,,,,,,,,,,,,,,,,,,,,,,,,,,,,,,,,,,,,,,,,,,,,20,issues of geography,,365597
4,a lot of pride,5,a lot of pride,a lot of pride,5,6,6,6,4,3,6,5,a lot of pride,3,a lot of pride,5,a lot of pride,6,a lot of pride,4,6,6,a lot of pride,5,0,,,,,,,,,,,,,,,,,,,,,,,,,,,,,,,,,,,,,,,,,,,,,,,,,,18,issues of geography,,965557
no pride at all,6,2,a lot of pride,a lot of pride,5,6,6,3,5,3,5,5,a lot of pride,6,a lot of pride,a lot of pride,a lot of pride,a lot of pride,2,no pride at all,6,2,5,5,0,,,,,,,,,,,,,,,,,,,,,,,,,,,,,,,,,,,,,,,,,,,,,,,,,,18,issues of religion,,139626
5,a lot of pride,3,5,3,2,3,a lot of pride,5,6,5,4,5,a lot of pride,5,a lot of pride,a lot of pride,a lot of pride,a lot of pride,no pride at all,2,a lot of pride,no pride at all,a lot of pride,4,0,,,,,,,,,,,,,,,,,,,,,,,,,,,,,,,,,,,,,,,,,,,,,,,,,,18,issues of geography,,732016
a lot of pride,a lot of pride,a lot of pride,a lot of pride,a lot of pride,a lot of pride,a lot of pride,a lot of pride,a lot of pride,a lot of pride,a lot of pride,a lot of pride,a lot of pride,6,a lot of pride,a lot of pride,a lot of pride,a lot of pride,6,5,a lot of pride,a lot of pride,a lot of pride,a lot of pride,a lot of pride,0,,,,,,,,,,,,,,,,,,,,,,,,,,,,,,,,,,,,,,,,,,,,,,,,,,24,issues of religion,,387213
no pride at all,5,6,a lot of pride,6,a lot of pride,5,3,no pride at all,6,4,3,4,6,5,3,6,6,5,a lot of pride,no pride at all,6,a lot of pride,a lot of pride,6,0,,,,,,,,,,,,,,,,,,,,,,,,,,,,,,,,,,,,,,,,,,,,,,,,,,19,issues of geography,,464064
Female - You look ten years younger than you are.,"Female - You host your extended family for a holiday meal; they think it’s the best
meal they’ve ever had.",Female - Your children are healthier and taller than average for their age.,Female - You take very good care of your children.,Female - You can support your children economically.,"Female - You are playing a throwing game with your friends. All your throws hit the
target.",Female - You come from a wealthy family with high status and many connections.,Female - You are very smart.,Female - You have more years of education than those around you.,Female - You have good table manners.,"Female - You get into a fight in front of everybody and you completely dominate your
opponent with punch after punch, until your opponent is knocked out.",Female - You are physically attractive.,Female - You are wealthy.,Female - You are generous with others.,Female - You are ambitious.,Female - You have many unique skills.,Female - You have a lot of good friends.,Female - You are trustworthy.,"Female - When there is a conflict in your community,
people ask you to mediate between the two sides.","Female - Your [Field-5] is the most attractive [Field-8]
of your community.",Female - You are the tallest in your circle of friends.,Female - People love your sense of humor.,"Female - An acquaintance of yours had been bullying you
for a while. At some point you got tired of it, and you beat [Field-3]
very badly. You were never bullied again.",Female - You finished first in a marathon.,"Female - People think that you are the bravest [Field-10]
of your community.",0,,,,,,,,,,,,,,,,,,,,,,,,,I'd view ${lm://Field/3} very positively,I'd view ${lm://Field/3} very positively,I'd view ${lm://Field/3} very positively,I'd view ${lm://Field/3} very positively,I'd view ${lm://Field/3} very positively,I'd view ${lm://Field/3} very positively,I'd view ${lm://Field/3} very positively,I'd view ${lm://Field/3} very positively,I'd view ${lm://Field/3} very positively,I'd view ${lm://Field/3} very positively,I'd view ${lm://Field/3} very positively,I'd view ${lm://Field/3} very positively,I'd view ${lm://Field/3} very positively,I'd view ${lm://Field/3} very positively,I'd view ${lm://Field/3} very positively,I'd view ${lm://Field/3} very positively,I'd view ${lm://Field/3} very positively,I'd view ${lm://Field/3} very positively,I'd view ${lm://Field/3} very positively,I'd view ${lm://Field/3} very positively,I'd view ${lm://Field/3} very positively,I'd view ${lm://Field/3} very positively,I'd view ${lm://Field/3} very positively,I'd view ${lm://Field/3} very positively,I'd view ${lm://Field/3} very positively,44,issues of geography,,990538
6,6,4,6,5,5,5,a lot of pride,a lot of pride,no pride at all,no pride at all,a lot of pride,5,4,5,5,6,a lot of pride,a lot of pride,4,no pride at all,6,2,5,a lot of pride,0,,,,,,,,,,,,,,,,,,,,,,,,,,,,,,,,,,,,,,,,,,,,,,,,,,,,,
4,5,6,6,a lot of pride,6,5,a lot of pride,4,5,5,6,4,a lot of pride,5,6,a lot of pride,6,5,6,5,6,3,5,3,0,,,,,,,,,,,,,,,,,,,,,,,,,,,,,,,,,,,,,,,,,,,,,,,,,,,,,
4,a lot of pride,a lot of pride,a lot of pride,a lot of pride,a lot of pride,6,a lot of pride,6,a lot of pride,4,a lot of pride,a lot of pride,a lot of pride,a lot of pride,a lot of pride,a lot of pride,a lot of pride,a lot of pride,a lot of pride,4,a lot of pride,3,a lot of pride,a lot of pride,0,,,,,,,,,,,,,,,,,,,,,,,,,,,,,,,,,,,,,,,,,,,,,,,,,,,,,
a lot of pride,a lot of pride,6,a lot of pride,a lot of pride,a lot of pride,6,a lot of pride,a lot of pride,a lot of pride,3,a lot of pride,a lot of pride,a lot of pride,a lot of pride,a lot of pride,a lot of pride,a lot of pride,4,6,3,a lot of pride,4,a lot of pride,a lot of pride,0,,,,,,,,,,,,,,,,,,,,,,,,,,,,,,,,,,,,,,,,,,,,,,,,,,,,,
3,4,4,a lot of pride,a lot of pride,3,2,a lot of pride,no pride at all,a lot of pride,no pride at all,4,no pride at all,a lot of pride,a lot of pride,a lot of pride,4,a lot of pride,a lot of pride,no pride at all,no pride at all,a lot of pride,no pride at all,2,a lot of pride,0,,,,,,,,,,,,,,,,,,,,,,,,,,,,,,,,,,,,,,,,,,,,,,,,,,,,,
5,a lot of pride,6,6,a lot of pride,5,5,6,5,6,5,6,6,6,a lot of pride,6,a lot of pride,6,5,6,3,a lot of pride,6,a lot of pride,a lot of pride,0,,,,,,,,,,,,,,,,,,,,,,,,,,,,,,,,,,,,,,,,,,,,,,,,,,,,,
4,4,a lot of pride,a lot of pride,6,4,4,a lot of pride,a lot of pride,5,2,3,4,6,a lot of pride,a lot of pride,a lot of pride,a lot of pride,4,3,5,6,2,5,a lot of pride,0,,,,,,,,,,,,,,,,,,,,,,,,,,,,,,,,,,,,,,,,,,,,,,,,,,,,,
4,5,5,5,a lot of pride,5,no pride at all,5,5,4,2,5,3,4,5,5,5,5,4,3,4,5,3,5,3,0,,,,,,,,,,,,,,,,,,,,,,,,,,,,,,,,,,,,,,,,,,,,,,,,,,,,,
2,4,6,a lot of pride,4,5,3,5,5,6,4,5,4,a lot of pride,6,4,4,a lot of pride,4,4,6,4,4,a lot of pride,2,0,,,,,,,,,,,,,,,,,,,,,,,,,,,,,,,,,,,,,,,,,,,,,,,,,,,,,
4,5,a lot of pride,a lot of pride,a lot of pride,5,5,6,6,3,a lot of pride,a lot of pride,4,6,5,a lot of pride,a lot of pride,5,4,a lot of pride,3,a lot of pride,6,a lot of pride,a lot of pride,0,,,,,,,,,,,,,,,,,,,,,,,,,,,,,,,,,,,,,,,,,,,,,,,,,,,,,
4,6,5,a lot of pride,a lot of pride,5,4,6,4,4,3,5,4,6,5,6,a lot of pride,6,a lot of pride,5,4,4,3,5,a lot of pride,0,,,,,,,,,,,,,,,,,,,,,,,,,,,,,,,,,,,,,,,,,,,,,,,,,,,,,
no pride at all,a lot of pride,no pride at all,4,4,a lot of pride,a lot of pride,4,a lot of pride,a lot of pride,no pride at all,no pride at all,no pride at all,a lot of pride,4,4,3,a lot of pride,no pride at all,4,no pride at all,4,no pride at all,a lot of pride,4,0,,,,,,,,,,,,,,,,,,,,,,,,,,,,,,,,,,,,,,,,,,,,,,,,,,,,,
5,a lot of pride,6,a lot of pride,a lot of pride,a lot of pride,6,a lot of pride,5,a lot of pride,5,5,5,a lot of pride,a lot of pride,a lot of pride,a lot of pride,a lot of pride,5,5,4,a lot of pride,5,a lot of pride,a lot of pride,0,,,,,,,,,,,,,,,,,,,,,,,,,,,,,,,,,,,,,,,,,,,,,,,,,,,,,
4,a lot of pride,5,a lot of pride,a lot of pride,a lot of pride,no pride at all,4,a lot of pride,a lot of pride,6,2,4,a lot of pride,a lot of pride,5,6,a lot of pride,4,a lot of pride,4,5,4,5,a lot of pride,0,,,,,,,,,,,,,,,,,,,,,,,,,,,,,,,,,,,,,,,,,,,,,,,,,,,,,
2,6,5,a lot of pride,a lot of pride,a lot of pride,5,a lot of pride,5,6,a lot of pride,a lot of pride,a lot of pride,a lot of pride,a lot of pride,a lot of pride,a lot of pride,a lot of pride,5,a lot of pride,no pride at all,a lot of pride,a lot of pride,a lot of pride,a lot of pride,0,,,,,,,,,,,,,,,,,,,,,,,,,,,,,,,,,,,,,,,,,,,,,,,,,,,,,
a lot of pride,6,6,6,a lot of pride,6,6,a lot of pride,5,6,a lot of pride,6,6,5,6,6,a lot of pride,6,4,a lot of pride,2,a lot of pride,6,a lot of pride,a lot of pride,0,,,,,,,,,,,,,,,,,,,,,,,,,,,,,,,,,,,,,,,,,,,,,,,,,,,,,
3,4,4,6,4,5,no pride at all,a lot of pride,4,a lot of pride,4,6,2,6,6,5,a lot of pride,a lot of pride,4,4,2,a lot of pride,4,4,3,0,,,,,,,,,,,,,,,,,,,,,,,,,,,,,,,,,,,,,,,,,,,,,,,,,,,,,
5,4,5,4,3,4,4,2,6,no pride at all,no pride at all,4,a lot of pride,5,no pride at all,5,5,2,5,3,no pride at all,3,no pride at all,6,3,0,,,,,,,,,,,,,,,,,,,,,,,,,,,,,,,,,,,,,,,,,,,,,,,,,,,,,
6,a lot of pride,6,a lot of pride,a lot of pride,a lot of pride,5,a lot of pride,a lot of pride,a lot of pride,4,4,5,a lot of pride,5,a lot of pride,a lot of pride,a lot of pride,a lot of pride,5,4,a lot of pride,4,a lot of pride,5,0,,,,,,,,,,,,,,,,,,,,,,,,,,,,,,,,,,,,,,,,,,,,,,,,,,,,,
5,a lot of pride,a lot of pride,a lot of pride,a lot of pride,a lot of pride,6,a lot of pride,5,5,2,6,a lot of pride,a lot of pride,a lot of pride,a lot of pride,a lot of pride,a lot of pride,a lot of pride,5,no pride at all,a lot of pride,no pride at all,a lot of pride,a lot of pride,0,,,,,,,,,,,,,,,,,,,,,,,,,,,,,,,,,,,,,,,,,,,,,,,,,,,,,
5,a lot of pride,a lot of pride,a lot of pride,a lot of pride,no pride at all,4,a lot of pride,a lot of pride,a lot of pride,3,a lot of pride,a lot of pride,a lot of pride,a lot of pride,a lot of pride,a lot of pride,a lot of pride,5,a lot of pride,no pride at all,a lot of pride,3,a lot of pride,4,0,,,,,,,,,,,,,,,,,,,,,,,,,,,,,,,,,,,,,,,,,,,,,,,,,,,,,
6,6,a lot of pride,5,a lot of pride,a lot of pride,5,a lot of pride,6,5,no pride at all,5,4,5,4,5,a lot of pride,6,5,4,3,a lot of pride,5,6,5,0,,,,,,,,,,,,,,,,,,,,,,,,,,,,,,,,,,,,,,,,,,,,,,,,,,,,,
6,a lot of pride,a lot of pride,a lot of pride,a lot of pride,a lot of pride,5,a lot of pride,6,a lot of pride,5,6,6,a lot of pride,a lot of pride,a lot of pride,6,a lot of pride,a lot of pride,6,4,a lot of pride,4,a lot of pride,6,0,,,,,,,,,,,,,,,,,,,,,,,,,,,,,,,,,,,,,,,,,,,,,,,,,,,,,
a lot of pride,a lot of pride,a lot of pride,6,a lot of pride,5,3,6,a lot of pride,a lot of pride,3,a lot of pride,4,a lot of pride,a lot of pride,4,a lot of pride,a lot of pride,a lot of pride,4,4,a lot of pride,4,a lot of pride,5,0,,,,,,,,,,,,,,,,,,,,,,,,,,,,,,,,,,,,,,,,,,,,,,,,,,,,,
4,5,a lot of pride,a lot of pride,a lot of pride,5,6,a lot of pride,a lot of pride,5,5,5,5,6,6,6,6,6,5,6,4,6,6,4,6,0,,,,,,,,,,,,,,,,,,,,,,,,,,,,,,,,,,,,,,,,,,,,,,,,,,,,,
6,5,4,6,5,a lot of pride,3,4,a lot of pride,5,5,6,4,4,5,4,5,5,6,6,3,5,2,a lot of pride,4,0,,,,,,,,,,,,,,,,,,,,,,,,,,,,,,,,,,,,,,,,,,,,,,,,,,,,,
a lot of pride,a lot of pride,a lot of pride,a lot of pride,a lot of pride,a lot of pride,a lot of pride,a lot of pride,a lot of pride,a lot of pride,a lot of pride,a lot of pride,a lot of pride,a lot of pride,a lot of pride,a lot of pride,a lot of pride,a lot of pride,a lot of pride,a lot of pride,no pride at all,a lot of pride,no pride at all,a lot of pride,a lot of pride,0,,,,,,,,,,,,,,,,,,,,,,,,,,,,,,,,,,,,,,,,,,,,,,,,,,,,,
5,2,a lot of pride,a lot of pride,a lot of pride,a lot of pride,3,a lot of pride,a lot of pride,2,6,4,2,4,6,6,5,2,4,6,no pride at all,2,6,a lot of pride,4,0,,,,,,,,,,,,,,,,,,,,,,,,,,,,,,,,,,,,,,,,,,,,,,,,,,,,,
5,a lot of pride,4,3,4,4,4,6,3,4,a lot of pride,a lot of pride,a lot of pride,3,4,6,5,5,3,a lot of pride,2,6,4,5,a lot of pride,0,,,,,,,,,,,,,,,,,,,,,,,,,,,,,,,,,,,,,,,,,,,,,,,,,,,,,
no pride at all,a lot of pride,a lot of pride,a lot of pride,a lot of pride,a lot of pride,a lot of pride,a lot of pride,5,a lot of pride,5,a lot of pride,a lot of pride,a lot of pride,a lot of pride,a lot of pride,a lot of pride,a lot of pride,a lot of pride,a lot of pride,no pride at all,a lot of pride,3,a lot of pride,a lot of pride,0,,,,,,,,,,,,,,,,,,,,,,,,,,,,,,,,,,,,,,,,,,,,,,,,,,,,,
6,4,5,6,5,6,4,5,4,4,3,4,5,5,5,4,4,5,5,2,3,5,3,4,5,0,,,,,,,,,,,,,,,,,,,,,,,,,,,,,,,,,,,,,,,,,,,,,,,,,,,,,
Male - [Field-7] looks ten years younger than [Field-2] is.,"Male - [Field-7] hosts [Field-4] extended family for a holiday meal;
they think it’s the best meal they’ve ever had.",Male - [Field-11] children are healthier and taller than average for their age.,Male - [Field-7] takes very good care of [Field-4] children.,Male - [Field-7] can support [Field-4] children economically.,"Male - [Field-7] is playing a throwing game with [Field-4] friends.
All [Field-4] throws hit the target.",Male - [Field-7] comes from a wealthy family with high status and many connections.,Male - [Field-7] is very smart.,Male - [Field-7] has more years of education than those around [Field-3].,Male - [Field-7] has good table manners.,"Male - [Field-7] gets into a fight in front of everybody and [Field-2]
completely dominates [Field-4] opponent with punch after punch, until [Field-4] opponent is knocked out.",Male - [Field-7] is physically attractive.,Male - [Field-7] is wealthy.,Male - [Field-7] is generous with others.,Male - [Field-7] is ambitious.,Male - [Field-7] has many unique skills.,Male - [Field-7] has a lot of good friends.,Male - [Field-7] is trustworthy.,"Male - When there is a conflict in [Field-4] community,
people ask [Field-3] to mediate between the two sides.","Male - [Field-11] [Field-5] is the most
attractive [Field-8] of [Field-4] community.","Male - [Field-7] is the tallest in [Field-4]
circle of friends.",Male - People love [Field-4] sense of humor.,"Male - An acquaintance of [Field-9] had been
bullying [Field-3] for a while. At some point [Field-2] got tired
of it, and [Field-2] beat [Field-3] very badly. [Field-7] was never bullied again.",Male - [Field-7] finished first in a marathon.,,,,,,,,,,,,,,,,,,,,,,,,,,,,,,,,,,,,,,,,,,,,,,,,,,,,,,,
6,5,5,I'd view ${lm://Field/3} very positively,I'd view ${lm://Field/3} very positively,5,4,5,5,I'd view ${lm://Field/3} very positively,4,4,5,I'd view ${lm://Field/3} very positively,4,5,4,I'd view ${lm://Field/3} very positively,6,4,2,5,5,4,,1,,,,,,,,,,,,,,,,,,,,,,,,,,,,,,,,,,,,,,,,,,,,,,,,,,,,,
4,5,4,I'd view ${lm://Field/3} very positively,I'd view ${lm://Field/3} very positively,5,5,5,4,6,4,3,5,I'd view ${lm://Field/3} very positively,6,5,5,I'd view ${lm://Field/3} very positively,I'd view ${lm://Field/3} very positively,4,I wouldn't view ${lm://Field/3} positively at all,6,6,4,,1,,,,,,,,,,,,,,,,,,,,,,,,,,,,,,,,,,,,,,,,,,,,,,,,,,,,,
3,5,6,I'd view ${lm://Field/3} very positively,I'd view ${lm://Field/3} very positively,I'd view ${lm://Field/3} very positively,6,6,6,6,I'd view ${lm://Field/3} very positively,6,5,6,I'd view ${lm://Field/3} very positively,I'd view ${lm://Field/3} very positively,6,6,6,I'd view ${lm://Field/3} very positively,2,6,I'd view ${lm://Field/3} very positively,6,,1,,,,,,,,,,,,,,,,,,,,,,,,,,,,,,,,,,,,,,,,,,,,,,,,,,,,,
4,4,4,6,4,4,4,4,4,4,4,4,4,6,4,4,5,I'd view ${lm://Field/3} very positively,5,4,4,4,5,4,,1,,,,,,,,,,,,,,,,,,,,,,,,,,,,,,,,,,,,,,,,,,,,,,,,,,,,,
4,5,4,I'd view ${lm://Field/3} very positively,5,4,4,4,4,4,2,4,4,3,I'd view ${lm://Field/3} very positively,I'd view ${lm://Field/3} very positively,6,I'd view ${lm://Field/3} very positively,4,4,4,6,4,4,,1,,,,,,,,,,,,,,,,,,,,,,,,,,,,,,,,,,,,,,,,,,,,,,,,,,,,,
4,I'd view ${lm://Field/3} very positively,4,I'd view ${lm://Field/3} very positively,I'd view ${lm://Field/3} very positively,4,4,4,5,4,I wouldn't view ${lm://Field/3} positively at all,6,4,I'd view ${lm://Field/3} very positively,4,4,6,I'd view ${lm://Field/3} very positively,I'd view ${lm://Field/3} very positively,5,4,4,5,5,,1,,,,,,,,,,,,,,,,,,,,,,,,,,,,,,,,,,,,,,,,,,,,,,,,,,,,,
5,I'd view ${lm://Field/3} very positively,I'd view ${lm://Field/3} very positively,I'd view ${lm://Field/3} very positively,I'd view ${lm://Field/3} very positively,I'd view ${lm://Field/3} very positively,I'd view ${lm://Field/3} very positively,I'd view ${lm://Field/3} very positively,6,5,5,I'd view ${lm://Field/3} very positively,I'd view ${lm://Field/3} very positively,6,6,6,I'd view ${lm://Field/3} very positively,I'd view ${lm://Field/3} very positively,5,I'd view ${lm://Field/3} very positively,I wouldn't view ${lm://Field/3} positively at all,6,I'd view ${lm://Field/3} very positively,I'd view ${lm://Field/3} very positively,,1,,,,,,,,,,,,,,,,,,,,,,,,,,,,,,,,,,,,,,,,,,,,,,,,,,,,,
4,I'd view ${lm://Field/3} very positively,6,I'd view ${lm://Field/3} very positively,I'd view ${lm://Field/3} very positively,I'd view ${lm://Field/3} very positively,5,I'd view ${lm://Field/3} very positively,I'd view ${lm://Field/3} very positively,I'd view ${lm://Field/3} very positively,4,5,5,I'd view ${lm://Field/3} very positively,I'd view ${lm://Field/3} very positively,I'd view ${lm://Field/3} very positively,5,I'd view ${lm://Field/3} very positively,I'd view ${lm://Field/3} very positively,6,6,I'd view ${lm://Field/3} very positively,3,I'd view ${lm://Field/3} very positively,,1,,,,,,,,,,,,,,,,,,,,,,,,,,,,,,,,,,,,,,,,,,,,,,,,,,,,,
4,I'd view ${lm://Field/3} very positively,5,I'd view ${lm://Field/3} very positively,5,I'd view ${lm://Field/3} very positively,3,I'd view ${lm://Field/3} very positively,I'd view ${lm://Field/3} very positively,5,5,I'd view ${lm://Field/3} very positively,4,I'd view ${lm://Field/3} very positively,I'd view ${lm://Field/3} very positively,I'd view ${lm://Field/3} very positively,5,I'd view ${lm://Field/3} very positively,I'd view ${lm://Field/3} very positively,I'd view ${lm://Field/3} very positively,5,I'd view ${lm://Field/3} very positively,I'd view ${lm://Field/3} very positively,5,,1,,,,,,,,,,,,,,,,,,,,,,,,,,,,,,,,,,,,,,,,,,,,,,,,,,,,,
3,6,4,4,6,6,6,6,5,I'd view ${lm://Field/3} very positively,4,6,5,4,6,6,6,6,5,6,6,6,4,6,,1,,,,,,,,,,,,,,,,,,,,,,,,,,,,,,,,,,,,,,,,,,,,,,,,,,,,,
I wouldn't view ${lm://Field/3} positively at all,2,4,4,4,4,I wouldn't view ${lm://Field/3} positively at all,4,I wouldn't view ${lm://Field/3} positively at all,2,I wouldn't view ${lm://Field/3} positively at all,4,I wouldn't view ${lm://Field/3} positively at all,4,4,I wouldn't view ${lm://Field/3} positively at all,I wouldn't view ${lm://Field/3} positively at all,6,I wouldn't view ${lm://Field/3} positively at all,I wouldn't view ${lm://Field/3} positively at all,I wouldn't view ${lm://Field/3} positively at all,2,2,4,,1,,,,,,,,,,,,,,,,,,,,,,,,,,,,,,,,,,,,,,,,,,,,,,,,,,,,,
4,5,4,I'd view ${lm://Field/3} very positively,6,5,4,4,4,5,I wouldn't view ${lm://Field/3} positively at all,4,5,I'd view ${lm://Field/3} very positively,6,5,6,I'd view ${lm://Field/3} very positively,5,4,I wouldn't view ${lm://Field/3} positively at all,5,2,4,,1,,,,,,,,,,,,,,,,,,,,,,,,,,,,,,,,,,,,,,,,,,,,,,,,,,,,,
4,4,4,I'd view ${lm://Field/3} very positively,I'd view ${lm://Field/3} very positively,4,4,I'd view ${lm://Field/3} very positively,4,I'd view ${lm://Field/3} very positively,I'd view ${lm://Field/3} very positively,4,I'd view ${lm://Field/3} very positively,I'd view ${lm://Field/3} very positively,I'd view ${lm://Field/3} very positively,I'd view ${lm://Field/3} very positively,I'd view ${lm://Field/3} very positively,I'd view ${lm://Field/3} very positively,4,4,I wouldn't view ${lm://Field/3} positively at all,4,I'd view ${lm://Field/3} very positively,4,,1,,,,,,,,,,,,,,,,,,,,,,,,,,,,,,,,,,,,,,,,,,,,,,,,,,,,,
4,6,6,I'd view ${lm://Field/3} very positively,6,5,4,I'd view ${lm://Field/3} very positively,6,5,I wouldn't view ${lm://Field/3} positively at all,4,4,I'd view ${lm://Field/3} very positively,5,I'd view ${lm://Field/3} very positively,I'd view ${lm://Field/3} very positively,I'd view ${lm://Field/3} very positively,6,4,4,6,2,5,,1,,,,,,,,,,,,,,,,,,,,,,,,,,,,,,,,,,,,,,,,,,,,,,,,,,,,,
3,5,4,6,5,5,3,6,5,I'd view ${lm://Field/3} very positively,2,5,4,5,3,4,3,I'd view ${lm://Field/3} very positively,6,3,3,3,5,4,,1,,,,,,,,,,,,,,,,,,,,,,,,,,,,,,,,,,,,,,,,,,,,,,,,,,,,,
Female - [Field-7] looks ten years younger than [Field-2] is.,"Female - [Field-7] hosts [Field-4] extended family for a holiday meal;
they think it’s the best meal they’ve ever had.",Female - [Field-11] children are healthier and taller than average for their age.,Female - [Field-7] takes very good care of [Field-4] children.,Female - [Field-7] can support [Field-4] children economically.,"Female - [Field-7] is playing a throwing game with [Field-4] friends.
All [Field-4] throws hit the target.",Female - [Field-7] comes from a wealthy family with high status and many connections.,Female - [Field-7] is very smart.,Female - [Field-7] has more years of education than those around [Field-3].,Female - [Field-7] has good table manners.,"Female - [Field-7] gets into a fight in front of everybody and [Field-2]
completely dominates [Field-4] opponent with punch after punch, until [Field-4] opponent is knocked out.",Female - [Field-7] is physically attractive.,Female - [Field-7] is wealthy.,Female - [Field-7] is generous with others.,Female - [Field-7] is ambitious.,Female - [Field-7] has many unique skills.,Female - [Field-7] has a lot of good friends.,Female - [Field-7] is trustworthy.,"Female - When there is a conflict in [Field-4] community,
people ask [Field-3] to mediate between the two sides.","Female - [Field-11] [Field-5] is the most
attractive [Field-8] of [Field-4] community.","Female - [Field-7] is the tallest in [Field-4]
circle of friends.",Female - People love [Field-4] sense of humor.,"Female - An acquaintance of [Field-9] had been
bullying [Field-3] for a while. At some point [Field-2] got tired
of it, and [Field-2] beat [Field-3] very badly. [Field-7] was never bullied again.",Female - [Field-7] finished first in a marathon.,"Female - People think that [Field-2] is the bravest
[Field-10] of [Field-4] community.",,,,,,,,,,,,,,,,,,,,,,,,,,,,,,,,,,,,,,,,,,,,,,,,,,,,,,
4,5,4,I'd view ${lm://Field/3} very positively,I'd view ${lm://Field/3} very positively,4,4,5,5,6,I wouldn't view ${lm://Field/3} positively at all,5,4,6,6,5,6,I'd view ${lm://Field/3} very positively,5,4,4,6,4,5,5,1,,,,,,,,,,,,,,,,,,,,,,,,,,,,,,,,,,,,,,,,,,,,,,,,,,,,,
I'd view ${lm://Field/3} very positively,I'd view ${lm://Field/3} very positively,4,I'd view ${lm://Field/3} very positively,I'd view ${lm://Field/3} very positively,4,4,4,4,4,4,4,4,I'd view ${lm://Field/3} very positively,I'd view ${lm://Field/3} very positively,4,4,I'd view ${lm://Field/3} very positively,I'd view ${lm://Field/3} very positively,4,I'd view ${lm://Field/3} very positively,I'd view ${lm://Field/3} very positively,4,4,I'd view ${lm://Field/3} very positively,1,,,,,,,,,,,,,,,,,,,,,,,,,,,,,,,,,,,,,,,,,,,,,,,,,,,,,
4,5,4,I'd view ${lm://Field/3} very positively,4,5,4,4,4,6,I wouldn't view ${lm://Field/3} positively at all,I'd view ${lm://Field/3} very positively,4,I'd view ${lm://Field/3} very positively,6,6,6,I'd view ${lm://Field/3} very positively,5,4,4,I'd view ${lm://Field/3} very positively,3,4,6,1,,,,,,,,,,,,,,,,,,,,,,,,,,,,,,,,,,,,,,,,,,,,,,,,,,,,,
6,6,6,I'd view ${lm://Field/3} very positively,I'd view ${lm://Field/3} very positively,6,5,I'd view ${lm://Field/3} very positively,6,I'd view ${lm://Field/3} very positively,I wouldn't view ${lm://Field/3} positively at all,6,6,I'd view ${lm://Field/3} very positively,I'd view ${lm://Field/3} very positively,6,6,I'd view ${lm://Field/3} very positively,5,6,5,I'd view ${lm://Field/3} very positively,I wouldn't view ${lm://Field/3} positively at all,5,I'd view ${lm://Field/3} very positively,1,,,,,,,,,,,,,,,,,,,,,,,,,,,,,,,,,,,,,,,,,,,,,,,,,,,,,
I'd view ${lm://Field/3} very positively,I'd view ${lm://Field/3} very positively,5,I'd view ${lm://Field/3} very positively,I'd view ${lm://Field/3} very positively,I'd view ${lm://Field/3} very positively,4,I'd view ${lm://Field/3} very positively,I'd view ${lm://Field/3} very positively,I'd view ${lm://Field/3} very positively,3,6,4,I'd view ${lm://Field/3} very positively,I'd view ${lm://Field/3} very positively,I'd view ${lm://Field/3} very positively,I'd view ${lm://Field/3} very positively,I'd view ${lm://Field/3} very positively,4,5,4,I'd view ${lm://Field/3} very positively,3,I'd view ${lm://Field/3} very positively,I'd view ${lm://Field/3} very positively,1,,,,,,,,,,,,,,,,,,,,,,,,,,,,,,,,,,,,,,,,,,,,,,,,,,,,,
6,5,6,I'd view ${lm://Field/3} very positively,6,4,4,6,6,6,I wouldn't view ${lm://Field/3} positively at all,5,5,I'd view ${lm://Field/3} very positively,6,I'd view ${lm://Field/3} very positively,6,I'd view ${lm://Field/3} very positively,6,5,4,6,I wouldn't view ${lm://Field/3} positively at all,I'd view ${lm://Field/3} very positively,6,1,,,,,,,,,,,,,,,,,,,,,,,,,,,,,,,,,,,,,,,,,,,,,,,,,,,,,
4,5,4,6,5,4,3,5,5,4,I wouldn't view ${lm://Field/3} positively at all,3,3,6,5,4,4,6,5,3,4,4,3,3,4,1,,,,,,,,,,,,,,,,,,,,,,,,,,,,,,,,,,,,,,,,,,,,,,,,,,,,,
4,4,4,5,6,6,4,5,6,5,I wouldn't view ${lm://Field/3} positively at all,6,4,5,I'd view ${lm://Field/3} very positively,5,5,I'd view ${lm://Field/3} very positively,4,5,4,5,2,4,5,1,,,,,,,,,,,,,,,,,,,,,,,,,,,,,,,,,,,,,,,,,,,,,,,,,,,,,
4,4,4,I'd view ${lm://Field/3} very positively,I'd view ${lm://Field/3} very positively,4,4,4,5,I'd view ${lm://Field/3} very positively,4,4,4,6,6,5,6,I'd view ${lm://Field/3} very positively,4,4,4,I'd view ${lm://Field/3} very positively,4,4,5,1,,,,,,,,,,,,,,,,,,,,,,,,,,,,,,,,,,,,,,,,,,,,,,,,,,,,,
4,I'd view ${lm://Field/3} very positively,I'd view ${lm://Field/3} very positively,I'd view ${lm://Field/3} very positively,I'd view ${lm://Field/3} very positively,4,4,I'd view ${lm://Field/3} very positively,I'd view ${lm://Field/3} very positively,I'd view ${lm://Field/3} very positively,4,4,5,I'd view ${lm://Field/3} very positively,I'd view ${lm://Field/3} very positively,I'd view ${lm://Field/3} very positively,I'd view ${lm://Field/3} very positively,I'd view ${lm://Field/3} very positively,I'd view ${lm://Field/3} very positively,4,4,I'd view ${lm://Field/3} very positively,I wouldn't view ${lm://Field/3} positively at all,6,I'd view ${lm://Field/3} very positively,1,,,,,,,,,,,,,,,,,,,,,,,,,,,,,,,,,,,,,,,,,,,,,,,,,,,,,
4,I'd view ${lm://Field/3} very positively,I'd view ${lm://Field/3} very positively,I'd view ${lm://Field/3} very positively,6,6,6,I'd view ${lm://Field/3} very positively,6,6,6,I'd view ${lm://Field/3} very positively,6,I'd view ${lm://Field/3} very positively,I'd view ${lm://Field/3} very positively,I'd view ${lm://Field/3} very positively,6,I'd view ${lm://Field/3} very positively,5,6,5,6,6,I'd view ${lm://Field/3} very positively,I'd view ${lm://Field/3} very positively,1,,,,,,,,,,,,,,,,,,,,,,,,,,,,,,,,,,,,,,,,,,,,,,,,,,,,,
I'd view ${lm://Field/3} very positively,I'd view ${lm://Field/3} very positively,I'd view ${lm://Field/3} very positively,I'd view ${lm://Field/3} very positively,I'd view ${lm://Field/3} very positively,I'd view ${lm://Field/3} very positively,5,I'd view ${lm://Field/3} very positively,6,6,I wouldn't view ${lm://Field/3} positively at all,6,5,I'd view ${lm://Field/3} very positively,I'd view ${lm://Field/3} very positively,6,6,I'd view ${lm://Field/3} very positively,I'd view ${lm://Field/3} very positively,6,4,I'd view ${lm://Field/3} very positively,I wouldn't view ${lm://Field/3} positively at all,I'd view ${lm://Field/3} very positively,6,1,,,,,,,,,,,,,,,,,,,,,,,,,,,,,,,,,,,,,,,,,,,,,,,,,,,,,
5,5,6,6,6,I'd view ${lm://Field/3} very positively,4,I'd view ${lm://Field/3} very positively,4,4,2,2,4,6,6,5,5,I'd view ${lm://Field/3} very positively,4,4,2,6,2,2,5,1,,,,,,,,,,,,,,,,,,,,,,,,,,,,,,,,,,,,,,,,,,,,,,,,,,,,,
4,I'd view ${lm://Field/3} very positively,5,I'd view ${lm://Field/3} very positively,6,5,4,6,6,I'd view ${lm://Field/3} very positively,I wouldn't view ${lm://Field/3} positively at all,4,4,I'd view ${lm://Field/3} very positively,I'd view ${lm://Field/3} very positively,I'd view ${lm://Field/3} very positively,I'd view ${lm://Field/3} very positively,I'd view ${lm://Field/3} very positively,6,5,4,I'd view ${lm://Field/3} very positively,5,I'd view ${lm://Field/3} very positively,6,1,,,,,,,,,,,,,,,,,,,,,,,,,,,,,,,,,,,,,,,,,,,,,,,,,,,,,
4,6,5,I'd view ${lm://Field/3} very positively,I'd view ${lm://Field/3} very positively,6,4,5,5,4,5,4,4,6,6,5,6,6,6,5,6,I'd view ${lm://Field/3} very positively,3,6,5,1,,,,,,,,,,,,,,,,,,,,,,,,,,,,,,,,,,,,,,,,,,,,,,,,,,,,,
2,4,3,6,6,I'd view ${lm://Field/3} very positively,2,4,4,6,6,2,2,6,5,5,3,6,I'd view ${lm://Field/3} very positively,I wouldn't view ${lm://Field/3} positively at all,2,I'd view ${lm://Field/3} very positively,I'd view ${lm://Field/3} very positively,4,I'd view ${lm://Field/3} very positively,1,,,,,,,,,,,,,,,,,,,,,,,,,,,,,,,,,,,,,,,,,,,,,,,,,,,,,
5,I'd view ${lm://Field/3} very positively,I'd view ${lm://Field/3} very positively,I'd view ${lm://Field/3} very positively,I'd view ${lm://Field/3} very positively,I'd view ${lm://Field/3} very positively,4,I'd view ${lm://Field/3} very positively,I'd view ${lm://Field/3} very positively,5,I'd view ${lm://Field/3} very positively,I'd view ${lm://Field/3} very positively,I'd view ${lm://Field/3} very positively,I'd view ${lm://Field/3} very positively,I'd view ${lm://Field/3} very positively,I'd view ${lm://Field/3} very positively,I'd view ${lm://Field/3} very positively,I'd view ${lm://Field/3} very positively,I'd view ${lm://Field/3} very positively,5,4,I'd view ${lm://Field/3} very positively,3,I'd view ${lm://Field/3} very positively,I'd view ${lm://Field/3} very positively,1,,,,,,,,,,,,,,,,,,,,,,,,,,,,,,,,,,,,,,,,,,,,,,,,,,,,,
6,6,5,I'd view ${lm://Field/3} very positively,I'd view ${lm://Field/3} very positively,4,5,I'd view ${lm://Field/3} very positively,I'd view ${lm://Field/3} very positively,I'd view ${lm://Field/3} very positively,3,6,I'd view ${lm://Field/3} very positively,I'd view ${lm://Field/3} very positively,I'd view ${lm://Field/3} very positively,I'd view ${lm://Field/3} very positively,6,I'd view ${lm://Field/3} very positively,I'd view ${lm://Field/3} very positively,5,3,I'd view ${lm://Field/3} very positively,I'd view ${lm://Field/3} very positively,I'd view ${lm://Field/3} very positively,I'd view ${lm://Field/3} very positively,1,,,,,,,,,,,,,,,,,,,,,,,,,,,,,,,,,,,,,,,,,,,,,,,,,,,,,
6,I'd view ${lm://Field/3} very positively,6,I'd view ${lm://Field/3} very positively,I'd view ${lm://Field/3} very positively,6,4,I'd view ${lm://Field/3} very positively,I'd view ${lm://Field/3} very positively,I'd view ${lm://Field/3} very positively,I wouldn't view ${lm://Field/3} positively at all,6,5,I'd view ${lm://Field/3} very positively,I'd view ${lm://Field/3} very positively,I'd view ${lm://Field/3} very positively,I'd view ${lm://Field/3} very positively,I'd view ${lm://Field/3} very positively,I'd view ${lm://Field/3} very positively,4,4,I'd view ${lm://Field/3} very positively,I wouldn't view ${lm://Field/3} positively at all,I'd view ${lm://Field/3} very positively,I'd view ${lm://Field/3} very positively,1,,,,,,,,,,,,,,,,,,,,,,,,,,,,,,,,,,,,,,,,,,,,,,,,,,,,,
4,6,4,6,6,4,4,6,6,6,4,4,4,6,6,5,6,6,6,4,4,6,4,6,6,1,,,,,,,,,,,,,,,,,,,,,,,,,,,,,,,,,,,,,,,,,,,,,,,,,,,,,
I'd view ${lm://Field/3} very positively,I'd view ${lm://Field/3} very positively,I'd view ${lm://Field/3} very positively,I'd view ${lm://Field/3} very positively,I'd view ${lm://Field/3} very positively,I'd view ${lm://Field/3} very positively,I'd view ${lm://Field/3} very positively,I'd view ${lm://Field/3} very positively,I'd view ${lm://Field/3} very positively,I'd view ${lm://Field/3} very positively,I wouldn't view ${lm://Field/3} positively at all,I'd view ${lm://Field/3} very positively,I'd view ${lm://Field/3} very positively,I'd view ${lm://Field/3} very positively,I'd view ${lm://Field/3} very positively,I'd view ${lm://Field/3} very positively,I'd view ${lm://Field/3} very positively,I'd view ${lm://Field/3} very positively,I'd view ${lm://Field/3} very positively,I'd view ${lm://Field/3} very positively,I'd view ${lm://Field/3} very positively,I'd view ${lm://Field/3} very positively,5,I'd view ${lm://Field/3} very positively,I'd view ${lm://Field/3} very positively,1,,,,,,,,,,,,,,,,,,,,,,,,,,,,,,,,,,,,,,,,,,,,,,,,,,,,,
4,6,4,I'd view ${lm://Field/3} very positively,5,6,4,6,6,5,I wouldn't view ${lm://Field/3} positively at all,4,4,I'd view ${lm://Field/3} very positively,I'd view ${lm://Field/3} very positively,I'd view ${lm://Field/3} very positively,5,I'd view ${lm://Field/3} very positively,I'd view ${lm://Field/3} very positively,5,4,6,I wouldn't view ${lm://Field/3} positively at all,I'd view ${lm://Field/3} very positively,I'd view ${lm://Field/3} very positively,1,,,,,,,,,,,,,,,,,,,,,,,,,,,,,,,,,,,,,,,,,,,,,,,,,,,,,
6,I'd view ${lm://Field/3} very positively,I'd view ${lm://Field/3} very positively,I'd view ${lm://Field/3} very positively,I'd view ${lm://Field/3} very positively,I'd view ${lm://Field/3} very positively,I'd view ${lm://Field/3} very positively,6,I'd view ${lm://Field/3} very positively,I'd view ${lm://Field/3} very positively,5,5,5,I'd view ${lm://Field/3} very positively,I'd view ${lm://Field/3} very positively,I'd view ${lm://Field/3} very positively,I'd view ${lm://Field/3} very positively,I'd view ${lm://Field/3} very positively,I'd view ${lm://Field/3} very positively,I'd view ${lm://Field/3} very positively,5,I'd view ${lm://Field/3} very positively,6,I'd view ${lm://Field/3} very positively,I'd view ${lm://Field/3} very positively,1,,,,,,,,,,,,,,,,,,,,,,,,,,,,,,,,,,,,,,,,,,,,,,,,,,,,,
4,5,4,I'd view ${lm://Field/3} very positively,5,5,5,6,5,5,3,4,4,I'd view ${lm://Field/3} very positively,6,5,5,I'd view ${lm://Field/3} very positively,5,4,4,6,2,6,6,1,,,,,,,,,,,,,,,,,,,,,,,,,,,,,,,,,,,,,,,,,,,,,,,,,,,,,
5,5,4,I'd view ${lm://Field/3} very positively,I'd view ${lm://Field/3} very positively,6,2,6,6,5,2,4,2,I'd view ${lm://Field/3} very positively,I'd view ${lm://Field/3} very positively,I'd view ${lm://Field/3} very positively,6,I'd view ${lm://Field/3} very positively,6,3,2,I'd view ${lm://Field/3} very positively,4,I'd view ${lm://Field/3} very positively,I'd view ${lm://Field/3} very positively,1,,,,,,,,,,,,,,,,,,,,,,,,,,,,,,,,,,,,,,,,,,,,,,,,,,,,,
6,I'd view ${lm://Field/3} very positively,I'd view ${lm://Field/3} very positively,I'd view ${lm://Field/3} very positively,I'd view ${lm://Field/3} very positively,4,I'd view ${lm://Field/3} very positively,I'd view ${lm://Field/3} very positively,I'd view ${lm://Field/3} very positively,I'd view ${lm://Field/3} very positively,2,I'd view ${lm://Field/3} very positively,5,I'd view ${lm://Field/3} very positively,5,4,I'd view ${lm://Field/3} very positively,5,5,I'd view ${lm://Field/3} very positively,4,I'd view ${lm://Field/3} very positively,4,I'd view ${lm://Field/3} very positively,5,1,,,,,,,,,,,,,,,,,,,,,,,,,,,,,,,,,,,,,,,,,,,,,,,,,,,,,
4,5,6,I'd view ${lm://Field/3} very positively,5,5,4,5,I'd view ${lm://Field/3} very positively,I'd view ${lm://Field/3} very positively,2,5,4,I'd view ${lm://Field/3} very positively,6,6,6,I'd view ${lm://Field/3} very positively,I'd view ${lm://Field/3} very positively,4,4,6,4,6,I'd view ${lm://Field/3} very positively,1,,,,,,,,,,,,,,,,,,,,,,,,,,,,,,,,,,,,,,,,,,,,,,,,,,,,,
I'd view ${lm://Field/3} very positively,I'd view ${lm://Field/3} very positively,I'd view ${lm://Field/3} very positively,I'd view ${lm://Field/3} very positively,I'd view ${lm://Field/3} very positively,I'd view ${lm://Field/3} very positively,I'd view ${lm://Field/3} very positively,I'd view ${lm://Field/3} very positively,I'd view ${lm://Field/3} very positively,I'd view ${lm://Field/3} very positively,I'd view ${lm://Field/3} very positively,I'd view ${lm://Field/3} very positively,I'd view ${lm://Field/3} very positively,I'd view ${lm://Field/3} very positively,I'd view ${lm://Field/3} very positively,I'd view ${lm://Field/3} very positively,I'd view ${lm://Field/3} very positively,I'd view ${lm://Field/3} very positively,I'd view ${lm://Field/3} very positively,I'd view ${lm://Field/3} very positively,I'd view ${lm://Field/3} very positively,I'd view ${lm://Field/3} very positively,I'd view ${lm://Field/3} very positively,I'd view ${lm://Field/3} very positively,I'd view ${lm://Field/3} very positively,1,,,,,,,,,,,,,,,,,,,,,,,,,,,,,,,,,,,,,,,,,,,,,,,,,,,,,
4,4,5,6,5,4,4,I'd view ${lm://Field/3} very positively,6,5,4,4,4,4,5,4,4,5,6,4,4,5,I'd view ${lm://Field/3} very positively,5,4,1,,,,,,,,,,,,,,,,,,,,,,,,,,,,,,,,,,,,,,,,,,,,,,,,,,,,,
