StartDate,EndDate,Status,IPAddress,Progress,Duration (in seconds),Finished,RecordedDate,ResponseId,RecipientLastName,RecipientFirstName,RecipientEmail,ExternalReference,LocationLatitude,LocationLongitude,DistributionChannel,UserLanguage,Q2,sex,pride-intr,Q66,1_p1,1_p2,1_p3,1_p4,1_p5,1_p6,1_p7,1_p8,1_p9,1_p10,1_p11,1_p12,1_p13,1_p14,1_p15,1_p16,1_p17,1_p18,1_p19,1_p20,1_p21,1_p22,1_p23,1_p24,1_p25,2_p1,2_p2,2_p3,2_p4,2_p5,2_p6,2_p7,2_p8,2_p9,2_p10,2_p11,2_p12,2_p13,2_p14,2_p15,2_p16,2_p17,2_p18,2_p19,2_p20,2_p21,2_p22,2_p23,2_p24,2_p25,val_intr,Q67,1_v1,1_v2,1_v3,1_v4,1_v5,1_v6,1_v7,1_v8,1_v9,1_v10,1_v11,1_v12,1_v13,1_v14,1_v15,1_v16,1_v17,1_v18,1_v19,1_v20,1_v21,1_v22,1_v23,1_v24,1_v25,2_v1,2_v2,2_v3,2_v4,2_v5,2_v6,2_v7,2_v8,2_v9,2_v10,2_v11,2_v12,2_v13,2_v14,2_v15,2_v16,2_v17,2_v18,2_v19,2_v20,2_v21,2_v22,2_v23,2_v24,2_v25,age,attcheck,Q63,mTurkCode
Start Date,End Date,Response Type,IP Address,Progress,Duration (in seconds),Finished,Recorded Date,Response ID,Recipient Last Name,Recipient First Name,Recipient Email,External Data Reference,Location Latitude,Location Longitude,Distribution Channel,User Language,Consent,What is your sex?,"Next, we will ask you to imagine a number of hypothetical situations. We ask you to indicate how much pride you would feel if you were in those situations. 

	 

	Please imagine each situation as vividly as you can, and answer as honestly and accurately as possible.","Please consider the situations independently from each other. To help you do that, consider each situation as if it is the only situation you encounter.",Male - You look ten years younger than you are.,"Male - You host your extended family for a holiday meal; they think it’s the best
meal they’ve ever had.",Male - Your children are healthier and taller than average for their age.,Male - You take very good care of your children.,Male - You can support your children economically.,"Male - You are playing a throwing game with your friends. All your throws hit the
target.",Male - You come from a wealthy family with high status and many connections.,Male - You are very smart.,Male - You have more years of education than those around you.,Male - You have good table manners.,"Male - You get into a fight in front of everybody and you completely dominate your
opponent with punch after punch, until your opponent is knocked out.",Male - You are physically attractive.,Male - You are wealthy.,Male - You are generous with others.,Male - You are ambitious.,Male - You have many unique skills.,Male - You have a lot of good friends.,Male - You are trustworthy.,"Male - When there is a conflict in your community,
people ask you to mediate between the two sides.","Male - Your [Field-5] is the most attractive [Field-8]
of your community.",Male - You are the tallest in your circle of friends.,Male - People love your sense of humor.,"Male - An acquaintance of yours had been bullying you
for a while. At some point you got tired of it, and you beat [Field-3]
very badly. You were never bullied again.",Male - You finished first in a marathon.,"Male - People think that you are the bravest [Field-10]
of your community.",Female - You look ten years younger than you are.,"Female - You host your extended family for a holiday meal; they think it’s the best
meal they’ve ever had.",Female - Your children are healthier and taller than average for their age.,Female - You take very good care of your children.,Female - You can support your children economically.,"Female - You are playing a throwing game with your friends. All your throws hit the
target.",Female - You come from a wealthy family with high status and many connections.,Female - You are very smart.,Female - You have more years of education than those around you.,Female - You have good table manners.,"Female - You get into a fight in front of everybody and you completely dominate your
opponent with punch after punch, until your opponent is knocked out.",Female - You are physically attractive.,Female - You are wealthy.,Female - You are generous with others.,Female - You are ambitious.,Female - You have many unique skills.,Female - You have a lot of good friends.,Female - You are trustworthy.,"Female - When there is a conflict in your community,
people ask you to mediate between the two sides.","Female - Your [Field-5] is the most attractive [Field-8]
of your community.",Female - You are the tallest in your circle of friends.,Female - People love your sense of humor.,"Female - An acquaintance of yours had been bullying you
for a while. At some point you got tired of it, and you beat [Field-3]
very badly. You were never bullied again.",Female - You finished first in a marathon.,"Female - People think that you are the bravest [Field-10]
of your community.","Next, we will ask you to imagine a number of hypothetical situations. Imagine that those situations happen to someone of your same sex and age. We ask you to indicate how you would view this person if they were in those situations. 

	 
Please imagine each situation as vividly as you can, and answer as honestly and accurately as possible.","Please consider the situations independently from each other. To help you do that, consider each situation as if it is the only situation you encounter.",Male - [Field-7] looks ten years younger than [Field-2] is.,"Male - [Field-7] hosts [Field-4] extended family for a holiday meal;
they think it’s the best meal they’ve ever had.",Male - [Field-11] children are healthier and taller than average for their age.,Male - [Field-7] takes very good care of [Field-4] children.,Male - [Field-7] can support [Field-4] children economically.,"Male - [Field-7] is playing a throwing game with [Field-4] friends.
All [Field-4] throws hit the target.",Male - [Field-7] comes from a wealthy family with high status and many connections.,Male - [Field-7] is very smart.,Male - [Field-7] has more years of education than those around [Field-3].,Male - [Field-7] has good table manners.,"Male - [Field-7] gets into a fight in front of everybody and [Field-2]
completely dominates [Field-4] opponent with punch after punch, until [Field-4] opponent is knocked out.",Male - [Field-7] is physically attractive.,Male - [Field-7] is wealthy.,Male - [Field-7] is generous with others.,Male - [Field-7] is ambitious.,Male - [Field-7] has many unique skills.,Male - [Field-7] has a lot of good friends.,Male - [Field-7] is trustworthy.,"Male - When there is a conflict in [Field-4] community,
people ask [Field-3] to mediate between the two sides.","Male - [Field-11] [Field-5] is the most
attractive [Field-8] of [Field-4] community.","Male - [Field-7] is the tallest in [Field-4]
circle of friends.",Male - People love [Field-4] sense of humor.,"Male - An acquaintance of [Field-9] had been
bullying [Field-3] for a while. At some point [Field-2] got tired
of it, and [Field-2] beat [Field-3] very badly. [Field-7] was never bullied again.",Male - [Field-7] finished first in a marathon.,"Male - People think that [Field-2] is the bravest
[Field-10] of [Field-4] community.",Female - [Field-7] looks ten years younger than [Field-2] is.,"Female - [Field-7] hosts [Field-4] extended family for a holiday meal;
they think it’s the best meal they’ve ever had.",Female - [Field-11] children are healthier and taller than average for their age.,Female - [Field-7] takes very good care of [Field-4] children.,Female - [Field-7] can support [Field-4] children economically.,"Female - [Field-7] is playing a throwing game with [Field-4] friends.
All [Field-4] throws hit the target.",Female - [Field-7] comes from a wealthy family with high status and many connections.,Female - [Field-7] is very smart.,Female - [Field-7] has more years of education than those around [Field-3].,Female - [Field-7] has good table manners.,"Female - [Field-7] gets into a fight in front of everybody and [Field-2]
completely dominates [Field-4] opponent with punch after punch, until [Field-4] opponent is knocked out.",Female - [Field-7] is physically attractive.,Female - [Field-7] is wealthy.,Female - [Field-7] is generous with others.,Female - [Field-7] is ambitious.,Female - [Field-7] has many unique skills.,Female - [Field-7] has a lot of good friends.,Female - [Field-7] is trustworthy.,"Female - When there is a conflict in [Field-4] community,
people ask [Field-3] to mediate between the two sides.","Female - [Field-11] [Field-5] is the most
attractive [Field-8] of [Field-4] community.","Female - [Field-7] is the tallest in [Field-4]
circle of friends.",Female - People love [Field-4] sense of humor.,"Female - An acquaintance of [Field-9] had been
bullying [Field-3] for a while. At some point [Field-2] got tired
of it, and [Field-2] beat [Field-3] very badly. [Field-7] was never bullied again.",Female - [Field-7] finished first in a marathon.,"Female - People think that [Field-2] is the bravest
[Field-10] of [Field-4] community.",What is your age? (type answer),Man_check,comment,mTurkCode
"{""ImportId"":""startDate"",""timeZone"":""America/New_York""}","{""ImportId"":""endDate"",""timeZone"":""America/New_York""}","{""ImportId"":""status""}","{""ImportId"":""ipAddress""}","{""ImportId"":""progress""}","{""ImportId"":""duration""}","{""ImportId"":""finished""}","{""ImportId"":""recordedDate"",""timeZone"":""America/New_York""}","{""ImportId"":""_recordId""}","{""ImportId"":""recipientLastName""}","{""ImportId"":""recipientFirstName""}","{""ImportId"":""recipientEmail""}","{""ImportId"":""externalDataReference""}","{""ImportId"":""locationLatitude""}","{""ImportId"":""locationLongitude""}","{""ImportId"":""distributionChannel""}","{""ImportId"":""userLanguage""}","{""ImportId"":""QID1""}","{""ImportId"":""QID3""}","{""ImportId"":""QID4""}","{""ImportId"":""QID76""}","{""ImportId"":""1_QID8""}","{""ImportId"":""1_QID11""}","{""ImportId"":""1_QID12""}","{""ImportId"":""1_QID13""}","{""ImportId"":""1_QID14""}","{""ImportId"":""1_QID15""}","{""ImportId"":""1_QID16""}","{""ImportId"":""1_QID17""}","{""ImportId"":""1_QID18""}","{""ImportId"":""1_QID19""}","{""ImportId"":""1_QID20""}","{""ImportId"":""1_QID21""}","{""ImportId"":""1_QID22""}","{""ImportId"":""1_QID23""}","{""ImportId"":""1_QID24""}","{""ImportId"":""1_QID25""}","{""ImportId"":""1_QID26""}","{""ImportId"":""1_QID27""}","{""ImportId"":""1_QID28""}","{""ImportId"":""1_QID29""}","{""ImportId"":""1_QID30""}","{""ImportId"":""1_QID31""}","{""ImportId"":""1_QID32""}","{""ImportId"":""1_QID33""}","{""ImportId"":""1_QID34""}","{""ImportId"":""2_QID8""}","{""ImportId"":""2_QID11""}","{""ImportId"":""2_QID12""}","{""ImportId"":""2_QID13""}","{""ImportId"":""2_QID14""}","{""ImportId"":""2_QID15""}","{""ImportId"":""2_QID16""}","{""ImportId"":""2_QID17""}","{""ImportId"":""2_QID18""}","{""ImportId"":""2_QID19""}","{""ImportId"":""2_QID20""}","{""ImportId"":""2_QID21""}","{""ImportId"":""2_QID22""}","{""ImportId"":""2_QID23""}","{""ImportId"":""2_QID24""}","{""ImportId"":""2_QID25""}","{""ImportId"":""2_QID26""}","{""ImportId"":""2_QID27""}","{""ImportId"":""2_QID28""}","{""ImportId"":""2_QID29""}","{""ImportId"":""2_QID30""}","{""ImportId"":""2_QID31""}","{""ImportId"":""2_QID32""}","{""ImportId"":""2_QID33""}","{""ImportId"":""2_QID34""}","{""ImportId"":""QID7""}","{""ImportId"":""QID77""}","{""ImportId"":""1_QID35""}","{""ImportId"":""1_QID36""}","{""ImportId"":""1_QID37""}","{""ImportId"":""1_QID38""}","{""ImportId"":""1_QID39""}","{""ImportId"":""1_QID40""}","{""ImportId"":""1_QID41""}","{""ImportId"":""1_QID42""}","{""ImportId"":""1_QID43""}","{""ImportId"":""1_QID44""}","{""ImportId"":""1_QID45""}","{""ImportId"":""1_QID46""}","{""ImportId"":""1_QID47""}","{""ImportId"":""1_QID48""}","{""ImportId"":""1_QID49""}","{""ImportId"":""1_QID50""}","{""ImportId"":""1_QID51""}","{""ImportId"":""1_QID52""}","{""ImportId"":""1_QID53""}","{""ImportId"":""1_QID54""}","{""ImportId"":""1_QID55""}","{""ImportId"":""1_QID56""}","{""ImportId"":""1_QID57""}","{""ImportId"":""1_QID58""}","{""ImportId"":""1_QID59""}","{""ImportId"":""2_QID35""}","{""ImportId"":""2_QID36""}","{""ImportId"":""2_QID37""}","{""ImportId"":""2_QID38""}","{""ImportId"":""2_QID39""}","{""ImportId"":""2_QID40""}","{""ImportId"":""2_QID41""}","{""ImportId"":""2_QID42""}","{""ImportId"":""2_QID43""}","{""ImportId"":""2_QID44""}","{""ImportId"":""2_QID45""}","{""ImportId"":""2_QID46""}","{""ImportId"":""2_QID47""}","{""ImportId"":""2_QID48""}","{""ImportId"":""2_QID49""}","{""ImportId"":""2_QID50""}","{""ImportId"":""2_QID51""}","{""ImportId"":""2_QID52""}","{""ImportId"":""2_QID53""}","{""ImportId"":""2_QID54""}","{""ImportId"":""2_QID55""}","{""ImportId"":""2_QID56""}","{""ImportId"":""2_QID57""}","{""ImportId"":""2_QID58""}","{""ImportId"":""2_QID59""}","{""ImportId"":""QID60_TEXT""}","{""ImportId"":""QID61""}","{""ImportId"":""QID62_TEXT""}","{""ImportId"":""mTurkCode""}"
2018-01-22 19:46:44,2018-01-22 20:04:35,IP Address,128.171.41.12,100,1071,True,2018-01-22 20:04:36,R_O9j4aCQ7cSiH5jH,,,,,21.306900024414,-157.85830688477,anonymous,EN,I have read the above information and agree to participate,Female,,,,,,,,,,,,,,,,,,,,,,,,,,,,,,,,,,,,,,,,,,,,,,,,,,,,,,,,,,,,,,,,,,,,,,,,,,,,,,,,4,5,4,I'd view ${lm://Field/3} very positively,I'd view ${lm://Field/3} very positively,4,4,5,5,6,I wouldn't view ${lm://Field/3} positively at all,5,4,6,6,5,6,I'd view ${lm://Field/3} very positively,5,4,4,6,4,5,5,21,issues of geography,,387741
2018-01-22 19:46:38,2018-01-22 20:04:56,IP Address,128.171.41.13,100,1097,True,2018-01-22 20:04:57,R_SBraa9Z4zmIE4QV,,,,,21.306900024414,-157.85830688477,anonymous,EN,I have read the above information and agree to participate,Female,,,,,,,,,,,,,,,,,,,,,,,,,,,,,,,,,,,,,,,,,,,,,,,,,,,,,,,,,,,,,,,,,,,,,,,,,,,,,,,,I'd view ${lm://Field/3} very positively,I'd view ${lm://Field/3} very positively,4,I'd view ${lm://Field/3} very positively,I'd view ${lm://Field/3} very positively,4,4,4,4,4,4,4,4,I'd view ${lm://Field/3} very positively,I'd view ${lm://Field/3} very positively,4,4,I'd view ${lm://Field/3} very positively,I'd view ${lm://Field/3} very positively,4,I'd view ${lm://Field/3} very positively,I'd view ${lm://Field/3} very positively,4,4,I'd view ${lm://Field/3} very positively,22,issues of geography,,238224
2018-01-22 19:45:48,2018-01-22 20:05:14,IP Address,128.171.41.19,100,1166,True,2018-01-22 20:05:15,R_233OKKHgdS69xI7,,,,,21.306900024414,-157.85830688477,anonymous,EN,I have read the above information and agree to participate,Female,,,,,,,,,,,,,,,,,,,,,,,,,,,,6,6,4,6,5,5,5,a lot of pride,a lot of pride,no pride at all,no pride at all,a lot of pride,5,4,5,5,6,a lot of pride,a lot of pride,4,no pride at all,6,2,5,a lot of pride,,,,,,,,,,,,,,,,,,,,,,,,,,,,,,,,,,,,,,,,,,,,,,,,,,,,,18,issues of geography,,709617
2018-01-22 19:45:56,2018-01-22 20:06:32,IP Address,128.171.41.18,100,1236,True,2018-01-22 20:06:33,R_9Ah3XVOBn59k5vX,,,,,21.306900024414,-157.85830688477,anonymous,EN,I have read the above information and agree to participate,Female,,,,,,,,,,,,,,,,,,,,,,,,,,,,,,,,,,,,,,,,,,,,,,,,,,,,,,,,,,,,,,,,,,,,,,,,,,,,,,,,4,5,4,I'd view ${lm://Field/3} very positively,4,5,4,4,4,6,I wouldn't view ${lm://Field/3} positively at all,I'd view ${lm://Field/3} very positively,4,I'd view ${lm://Field/3} very positively,6,6,6,I'd view ${lm://Field/3} very positively,5,4,4,I'd view ${lm://Field/3} very positively,3,4,6,19,issues of geography,,248097
2018-01-22 20:04:12,2018-01-22 20:06:50,IP Address,128.171.41.11,100,157,True,2018-01-22 20:06:51,R_1Os1K8FU4VZUlCq,,,,,21.306900024414,-157.85830688477,anonymous,EN,I have read the above information and agree to participate,Female,,,,,,,,,,,,,,,,,,,,,,,,,,,,4,5,6,6,a lot of pride,6,5,a lot of pride,4,5,5,6,4,a lot of pride,5,6,a lot of pride,6,5,6,5,6,3,5,3,,,,,,,,,,,,,,,,,,,,,,,,,,,,,,,,,,,,,,,,,,,,,,,,,,,,,23,issues of geography,,356203
2018-01-22 20:06:05,2018-01-22 20:10:15,IP Address,128.171.41.9,100,249,True,2018-01-22 20:10:15,R_1dtW5A7cNUvBGMo,,,,,21.306900024414,-157.85830688477,anonymous,EN,I have read the above information and agree to participate,Male,,,4,3,6,3,5,4,6,6,5,3,5,5,6,4,5,6,6,6,5,2,2,6,2,6,5,,,,,,,,,,,,,,,,,,,,,,,,,,,,,,,,,,,,,,,,,,,,,,,,,,,,,,,,,,,,,,,,,,,,,,,,,,,,,,18,issues of geography,,882672
2018-01-22 20:07:03,2018-01-22 20:10:26,IP Address,128.171.41.17,100,202,True,2018-01-22 20:10:26,R_2r64fBnFETebT9L,,,,,21.306900024414,-157.85830688477,anonymous,EN,I have read the above information and agree to participate,Female,,,,,,,,,,,,,,,,,,,,,,,,,,,,4,a lot of pride,a lot of pride,a lot of pride,a lot of pride,a lot of pride,6,a lot of pride,6,a lot of pride,4,a lot of pride,a lot of pride,a lot of pride,a lot of pride,a lot of pride,a lot of pride,a lot of pride,a lot of pride,a lot of pride,4,a lot of pride,3,a lot of pride,a lot of pride,,,,,,,,,,,,,,,,,,,,,,,,,,,,,,,,,,,,,,,,,,,,,,,,,,,,,20,issues of geography,,780622
2018-01-22 19:45:24,2018-01-22 20:11:06,IP Address,128.171.41.24,100,1541,True,2018-01-22 20:11:07,R_26tjgcv7Kr1q55T,,,,,21.306900024414,-157.85830688477,anonymous,EN,I have read the above information and agree to participate,Male,,,,,,,,,,,,,,,,,,,,,,,,,,,,,,,,,,,,,,,,,,,,,,,,,,,,,,,6,5,5,I'd view ${lm://Field/3} very positively,I'd view ${lm://Field/3} very positively,5,4,5,5,I'd view ${lm://Field/3} very positively,4,4,5,I'd view ${lm://Field/3} very positively,4,5,4,I'd view ${lm://Field/3} very positively,6,4,2,5,5,4,4,,,,,,,,,,,,,,,,,,,,,,,,,,37,issues of geography,,378767
2018-01-22 19:45:49,2018-01-22 20:11:48,IP Address,128.171.41.26,100,1559,True,2018-01-22 20:11:49,R_eerPMJc1HU0J369,,,,,21.306900024414,-157.85830688477,anonymous,EN,I have read the above information and agree to participate,Female,,,,,,,,,,,,,,,,,,,,,,,,,,,,,,,,,,,,,,,,,,,,,,,,,,,,,,,,,,,,,,,,,,,,,,,,,,,,,,,,6,6,6,I'd view ${lm://Field/3} very positively,I'd view ${lm://Field/3} very positively,6,5,I'd view ${lm://Field/3} very positively,6,I'd view ${lm://Field/3} very positively,I wouldn't view ${lm://Field/3} positively at all,6,6,I'd view ${lm://Field/3} very positively,I'd view ${lm://Field/3} very positively,6,6,I'd view ${lm://Field/3} very positively,5,6,5,I'd view ${lm://Field/3} very positively,I wouldn't view ${lm://Field/3} positively at all,5,I'd view ${lm://Field/3} very positively,19,issues of geography,,161867
2018-01-22 20:10:26,2018-01-22 20:13:41,IP Address,128.171.41.15,100,194,True,2018-01-22 20:13:42,R_tMnaVKJnsc4c5e9,,,,,21.306900024414,-157.85830688477,anonymous,EN,I have read the above information and agree to participate,Male,,,,,,,,,,,,,,,,,,,,,,,,,,,,,,,,,,,,,,,,,,,,,,,,,,,,,,,4,5,4,I'd view ${lm://Field/3} very positively,I'd view ${lm://Field/3} very positively,5,5,5,4,6,4,3,5,I'd view ${lm://Field/3} very positively,6,5,5,I'd view ${lm://Field/3} very positively,I'd view ${lm://Field/3} very positively,4,I wouldn't view ${lm://Field/3} positively at all,6,6,4,5,,,,,,,,,,,,,,,,,,,,,,,,,,18,issues of geography,,973870
2018-01-22 20:10:01,2018-01-22 20:13:44,IP Address,128.171.41.14,100,223,True,2018-01-22 20:13:44,R_eCXbZwuPsfxQ8db,,,,,21.306900024414,-157.85830688477,anonymous,EN,I have read the above information and agree to participate,Female,,,,,,,,,,,,,,,,,,,,,,,,,,,,a lot of pride,a lot of pride,6,a lot of pride,a lot of pride,a lot of pride,6,a lot of pride,a lot of pride,a lot of pride,3,a lot of pride,a lot of pride,a lot of pride,a lot of pride,a lot of pride,a lot of pride,a lot of pride,4,6,3,a lot of pride,4,a lot of pride,a lot of pride,,,,,,,,,,,,,,,,,,,,,,,,,,,,,,,,,,,,,,,,,,,,,,,,,,,,,18,issues of geography,,622046
2018-01-22 20:13:22,2018-01-22 20:18:01,IP Address,128.171.41.21,100,278,True,2018-01-22 20:18:02,R_2CUKBVbKQ3YnmrV,,,,,21.306900024414,-157.85830688477,anonymous,EN,I have read the above information and agree to participate,Female,,,,,,,,,,,,,,,,,,,,,,,,,,,,3,4,4,a lot of pride,a lot of pride,3,2,a lot of pride,no pride at all,a lot of pride,no pride at all,4,no pride at all,a lot of pride,a lot of pride,a lot of pride,4,a lot of pride,a lot of pride,no pride at all,no pride at all,a lot of pride,no pride at all,2,a lot of pride,,,,,,,,,,,,,,,,,,,,,,,,,,,,,,,,,,,,,,,,,,,,,,,,,,,,,24,issues of geography,,620759
2018-01-22 20:15:06,2018-01-22 20:19:01,IP Address,128.171.41.23,100,234,True,2018-01-22 20:19:02,R_2c1opvrgotg5137,,,,,21.306900024414,-157.85830688477,anonymous,EN,I have read the above information and agree to participate,Male,,,,,,,,,,,,,,,,,,,,,,,,,,,,,,,,,,,,,,,,,,,,,,,,,,,,,,,3,5,6,I'd view ${lm://Field/3} very positively,I'd view ${lm://Field/3} very positively,I'd view ${lm://Field/3} very positively,6,6,6,6,I'd view ${lm://Field/3} very positively,6,5,6,I'd view ${lm://Field/3} very positively,I'd view ${lm://Field/3} very positively,6,6,6,I'd view ${lm://Field/3} very positively,2,6,I'd view ${lm://Field/3} very positively,6,5,,,,,,,,,,,,,,,,,,,,,,,,,,19,issues of geography,i like the last question on the paying attention and reading the question,136953
2018-01-22 20:15:49,2018-01-22 20:19:07,IP Address,128.171.41.22,100,198,True,2018-01-22 20:19:08,R_2Sr7lG5L5c7olzd,,,,,21.306900024414,-157.85830688477,anonymous,EN,I have read the above information and agree to participate,Male,,,,,,,,,,,,,,,,,,,,,,,,,,,,,,,,,,,,,,,,,,,,,,,,,,,,,,,4,4,4,6,4,4,4,4,4,4,4,4,4,6,4,4,5,I'd view ${lm://Field/3} very positively,5,4,4,4,5,4,4,,,,,,,,,,,,,,,,,,,,,,,,,,22,issues of geography,Again a good gauge of character and morality based on outside factors that typically have nothing to do with the true nature of others.,459361
2018-01-22 20:16:07,2018-01-22 20:19:17,IP Address,128.171.41.16,100,189,True,2018-01-22 20:19:17,R_31EFbV14fEfzO94,,,,,21.306900024414,-157.85830688477,anonymous,EN,I have read the above information and agree to participate,Female,,,,,,,,,,,,,,,,,,,,,,,,,,,,5,a lot of pride,6,6,a lot of pride,5,5,6,5,6,5,6,6,6,a lot of pride,6,a lot of pride,6,5,6,3,a lot of pride,6,a lot of pride,a lot of pride,,,,,,,,,,,,,,,,,,,,,,,,,,,,,,,,,,,,,,,,,,,,,,,,,,,,,18,issues of geography,,256257
2018-01-22 20:16:57,2018-01-22 20:20:15,IP Address,128.171.41.8,100,198,True,2018-01-22 20:20:16,R_248UoODhvRDdLFm,,,,,21.306900024414,-157.85830688477,anonymous,EN,I have read the above information and agree to participate,Female,,,,,,,,,,,,,,,,,,,,,,,,,,,,,,,,,,,,,,,,,,,,,,,,,,,,,,,,,,,,,,,,,,,,,,,,,,,,,,,,I'd view ${lm://Field/3} very positively,I'd view ${lm://Field/3} very positively,5,I'd view ${lm://Field/3} very positively,I'd view ${lm://Field/3} very positively,I'd view ${lm://Field/3} very positively,4,I'd view ${lm://Field/3} very positively,I'd view ${lm://Field/3} very positively,I'd view ${lm://Field/3} very positively,3,6,4,I'd view ${lm://Field/3} very positively,I'd view ${lm://Field/3} very positively,I'd view ${lm://Field/3} very positively,I'd view ${lm://Field/3} very positively,I'd view ${lm://Field/3} very positively,4,5,4,I'd view ${lm://Field/3} very positively,3,I'd view ${lm://Field/3} very positively,I'd view ${lm://Field/3} very positively,23,issues of geography,,276896
2018-01-22 20:17:21,2018-01-22 20:20:18,IP Address,128.171.41.10,100,177,True,2018-01-22 20:20:19,R_2R34lRA7r0ywC8l,,,,,21.306900024414,-157.85830688477,anonymous,EN,I have read the above information and agree to participate,Male,,,5,6,5,6,5,5,4,5,5,5,3,5,5,5,5,5,5,5,5,5,4,5,3,6,5,,,,,,,,,,,,,,,,,,,,,,,,,,,,,,,,,,,,,,,,,,,,,,,,,,,,,,,,,,,,,,,,,,,,,,,,,,,,,,23,issues of geography,,891585
2018-01-22 20:17:39,2018-01-22 20:20:32,IP Address,128.171.41.20,100,173,True,2018-01-22 20:20:33,R_tMnQnYvpdSRqxXj,,,,,21.306900024414,-157.85830688477,anonymous,EN,I have read the above information and agree to participate,Female,,,,,,,,,,,,,,,,,,,,,,,,,,,,4,4,a lot of pride,a lot of pride,6,4,4,a lot of pride,a lot of pride,5,2,3,4,6,a lot of pride,a lot of pride,a lot of pride,a lot of pride,4,3,5,6,2,5,a lot of pride,,,,,,,,,,,,,,,,,,,,,,,,,,,,,,,,,,,,,,,,,,,,,,,,,,,,,19,issues of geography,,291984
2018-01-22 20:25:22,2018-01-22 20:28:35,IP Address,128.171.41.25,100,192,True,2018-01-22 20:28:36,R_9sfRHaQLQDX8Cbf,,,,,21.306900024414,-157.85830688477,anonymous,EN,I have read the above information and agree to participate,Male,,,,,,,,,,,,,,,,,,,,,,,,,,,,,,,,,,,,,,,,,,,,,,,,,,,,,,,4,5,4,I'd view ${lm://Field/3} very positively,5,4,4,4,4,4,2,4,4,3,I'd view ${lm://Field/3} very positively,I'd view ${lm://Field/3} very positively,6,I'd view ${lm://Field/3} very positively,4,4,4,6,4,4,5,,,,,,,,,,,,,,,,,,,,,,,,,,19,issues of geography,,179083
2018-01-22 20:31:37,2018-01-22 20:49:04,IP Address,128.171.41.11,100,1047,True,2018-01-22 20:49:05,R_3QL6AlfAo3JdzEJ,,,,,21.306900024414,-157.85830688477,anonymous,EN,I have read the above information and agree to participate,Female,,,,,,,,,,,,,,,,,,,,,,,,,,,,,,,,,,,,,,,,,,,,,,,,,,,,,,,,,,,,,,,,,,,,,,,,,,,,,,,,6,5,6,I'd view ${lm://Field/3} very positively,6,4,4,6,6,6,I wouldn't view ${lm://Field/3} positively at all,5,5,I'd view ${lm://Field/3} very positively,6,I'd view ${lm://Field/3} very positively,6,I'd view ${lm://Field/3} very positively,6,5,4,6,I wouldn't view ${lm://Field/3} positively at all,I'd view ${lm://Field/3} very positively,6,26,issues of geography,,554038
2018-01-22 20:31:35,2018-01-22 20:49:38,IP Address,128.171.41.17,100,1082,True,2018-01-22 20:49:38,R_3JyOaIbVNWlVbE8,,,,,21.306900024414,-157.85830688477,anonymous,EN,I have read the above information and agree to participate,Female,,,,,,,,,,,,,,,,,,,,,,,,,,,,,,,,,,,,,,,,,,,,,,,,,,,,,,,,,,,,,,,,,,,,,,,,,,,,,,,,4,5,4,6,5,4,3,5,5,4,I wouldn't view ${lm://Field/3} positively at all,3,3,6,5,4,4,6,5,3,4,4,3,3,4,19,issues of geography,,209228
2018-01-22 20:31:43,2018-01-22 20:50:12,IP Address,128.171.41.12,100,1109,True,2018-01-22 20:50:13,R_2wbrMBpcabxgPdF,,,,,21.306900024414,-157.85830688477,anonymous,EN,I have read the above information and agree to participate,Female,,,,,,,,,,,,,,,,,,,,,,,,,,,,4,5,5,5,a lot of pride,5,no pride at all,5,5,4,2,5,3,4,5,5,5,5,4,3,4,5,3,5,3,,,,,,,,,,,,,,,,,,,,,,,,,,,,,,,,,,,,,,,,,,,,,,,,,,,,,20,issues of geography,,486727
2018-01-22 20:31:29,2018-01-22 20:50:29,IP Address,128.171.41.18,100,1139,True,2018-01-22 20:50:29,R_3plFDpJyDFl50NS,,,,,21.306900024414,-157.85830688477,anonymous,EN,I have read the above information and agree to participate,Female,,,,,,,,,,,,,,,,,,,,,,,,,,,,2,4,6,a lot of pride,4,5,3,5,5,6,4,5,4,a lot of pride,6,4,4,a lot of pride,4,4,6,4,4,a lot of pride,2,,,,,,,,,,,,,,,,,,,,,,,,,,,,,,,,,,,,,,,,,,,,,,,,,,,,,19,issues of geography,,177890
2018-01-22 20:50:08,2018-01-22 20:53:11,IP Address,128.171.41.10,100,182,True,2018-01-22 20:53:11,R_2CdI3ae8Wan4yDw,,,,,21.306900024414,-157.85830688477,anonymous,EN,I have read the above information and agree to participate,Female,,,,,,,,,,,,,,,,,,,,,,,,,,,,4,5,a lot of pride,a lot of pride,a lot of pride,5,5,6,6,3,a lot of pride,a lot of pride,4,6,5,a lot of pride,a lot of pride,5,4,a lot of pride,3,a lot of pride,6,a lot of pride,a lot of pride,,,,,,,,,,,,,,,,,,,,,,,,,,,,,,,,,,,,,,,,,,,,,,,,,,,,,18,issues of geography,,494314
2018-01-22 20:52:15,2018-01-22 20:55:34,IP Address,128.171.41.16,100,199,True,2018-01-22 20:55:34,R_2qrxU1MluruvrNa,,,,,21.306900024414,-157.85830688477,anonymous,EN,I have read the above information and agree to participate,Female,,,,,,,,,,,,,,,,,,,,,,,,,,,,,,,,,,,,,,,,,,,,,,,,,,,,,,,,,,,,,,,,,,,,,,,,,,,,,,,,4,4,4,5,6,6,4,5,6,5,I wouldn't view ${lm://Field/3} positively at all,6,4,5,I'd view ${lm://Field/3} very positively,5,5,I'd view ${lm://Field/3} very positively,4,5,4,5,2,4,5,18,issues of geography,,449249
2018-01-22 20:54:34,2018-01-22 20:57:15,IP Address,128.171.41.14,100,160,True,2018-01-22 20:57:16,R_O2Wcnyx3V6VAR8J,,,,,21.306900024414,-157.85830688477,anonymous,EN,I have read the above information and agree to participate,Male,,,no pride at all,5,4,5,6,2,2,3,2,no pride at all,no pride at all,2,no pride at all,3,5,6,6,5,5,5,no pride at all,5,no pride at all,6,no pride at all,,,,,,,,,,,,,,,,,,,,,,,,,,,,,,,,,,,,,,,,,,,,,,,,,,,,,,,,,,,,,,,,,,,,,,,,,,,,,,18,issues of geography,Good Study ^_^,150212
2018-01-22 20:56:01,2018-01-22 20:59:09,IP Address,128.171.41.20,100,187,True,2018-01-22 20:59:10,R_esoU19JUcsanV8B,,,,,21.306900024414,-157.85830688477,anonymous,EN,I have read the above information and agree to participate,Female,,,,,,,,,,,,,,,,,,,,,,,,,,,,,,,,,,,,,,,,,,,,,,,,,,,,,,,,,,,,,,,,,,,,,,,,,,,,,,,,4,4,4,I'd view ${lm://Field/3} very positively,I'd view ${lm://Field/3} very positively,4,4,4,5,I'd view ${lm://Field/3} very positively,4,4,4,6,6,5,6,I'd view ${lm://Field/3} very positively,4,4,4,I'd view ${lm://Field/3} very positively,4,4,5,18,issues of geography,,124809
2018-01-22 20:57:22,2018-01-22 21:00:21,IP Address,128.171.41.8,100,178,True,2018-01-22 21:00:21,R_1jfy9vXM2CNSAA9,,,,,21.306900024414,-157.85830688477,anonymous,EN,I have read the above information and agree to participate,Female,,,,,,,,,,,,,,,,,,,,,,,,,,,,,,,,,,,,,,,,,,,,,,,,,,,,,,,,,,,,,,,,,,,,,,,,,,,,,,,,4,I'd view ${lm://Field/3} very positively,I'd view ${lm://Field/3} very positively,I'd view ${lm://Field/3} very positively,I'd view ${lm://Field/3} very positively,4,4,I'd view ${lm://Field/3} very positively,I'd view ${lm://Field/3} very positively,I'd view ${lm://Field/3} very positively,4,4,5,I'd view ${lm://Field/3} very positively,I'd view ${lm://Field/3} very positively,I'd view ${lm://Field/3} very positively,I'd view ${lm://Field/3} very positively,I'd view ${lm://Field/3} very positively,I'd view ${lm://Field/3} very positively,4,4,I'd view ${lm://Field/3} very positively,I wouldn't view ${lm://Field/3} positively at all,6,I'd view ${lm://Field/3} very positively,18,issues of geography,,385737
2018-01-22 21:01:11,2018-01-22 21:03:15,IP Address,128.171.41.13,100,124,True,2018-01-22 21:03:15,R_28TkXbnEjK5NP2T,,,,,21.306900024414,-157.85830688477,anonymous,EN,I have read the above information and agree to participate,Female,,,,,,,,,,,,,,,,,,,,,,,,,,,,4,6,5,a lot of pride,a lot of pride,5,4,6,4,4,3,5,4,6,5,6,a lot of pride,6,a lot of pride,5,4,4,3,5,a lot of pride,,,,,,,,,,,,,,,,,,,,,,,,,,,,,,,,,,,,,,,,,,,,,,,,,,,,,18,issues of geography,,170501
2018-01-22 21:01:50,2018-01-22 21:05:01,IP Address,128.171.41.9,100,190,True,2018-01-22 21:05:02,R_2uCcmcYNUnyOChv,,,,,21.306900024414,-157.85830688477,anonymous,EN,I have read the above information and agree to participate,Female,,,,,,,,,,,,,,,,,,,,,,,,,,,,,,,,,,,,,,,,,,,,,,,,,,,,,,,,,,,,,,,,,,,,,,,,,,,,,,,,4,I'd view ${lm://Field/3} very positively,I'd view ${lm://Field/3} very positively,I'd view ${lm://Field/3} very positively,6,6,6,I'd view ${lm://Field/3} very positively,6,6,6,I'd view ${lm://Field/3} very positively,6,I'd view ${lm://Field/3} very positively,I'd view ${lm://Field/3} very positively,I'd view ${lm://Field/3} very positively,6,I'd view ${lm://Field/3} very positively,5,6,5,6,6,I'd view ${lm://Field/3} very positively,I'd view ${lm://Field/3} very positively,19,issues of geography,,273988
2018-01-22 21:02:50,2018-01-22 21:05:23,IP Address,128.171.41.19,100,153,True,2018-01-22 21:05:24,R_3FKSR1fAqOOZWkE,,,,,21.306900024414,-157.85830688477,anonymous,EN,I have read the above information and agree to participate,Female,,,,,,,,,,,,,,,,,,,,,,,,,,,,no pride at all,a lot of pride,no pride at all,4,4,a lot of pride,a lot of pride,4,a lot of pride,a lot of pride,no pride at all,no pride at all,no pride at all,a lot of pride,4,4,3,a lot of pride,no pride at all,4,no pride at all,4,no pride at all,a lot of pride,4,,,,,,,,,,,,,,,,,,,,,,,,,,,,,,,,,,,,,,,,,,,,,,,,,,,,,18,issues of geography,,358760
2018-01-22 21:07:39,2018-01-22 21:10:44,IP Address,128.171.41.15,100,185,True,2018-01-22 21:10:45,R_5hZDyBJTdVWTqPn,,,,,21.306900024414,-157.85830688477,anonymous,EN,I have read the above information and agree to participate,Female,,,,,,,,,,,,,,,,,,,,,,,,,,,,5,a lot of pride,6,a lot of pride,a lot of pride,a lot of pride,6,a lot of pride,5,a lot of pride,5,5,5,a lot of pride,a lot of pride,a lot of pride,a lot of pride,a lot of pride,5,5,4,a lot of pride,5,a lot of pride,a lot of pride,,,,,,,,,,,,,,,,,,,,,,,,,,,,,,,,,,,,,,,,,,,,,,,,,,,,,28,issues of geography,,995695
2018-01-24 19:32:58,2018-01-24 20:07:14,IP Address,128.171.41.11,100,2056,True,2018-01-24 20:07:15,R_riGOv0WceZfJe37,,,,,21.306900024414,-157.85830688477,anonymous,EN,I have read the above information and agree to participate,Female,,,,,,,,,,,,,,,,,,,,,,,,,,,,4,a lot of pride,5,a lot of pride,a lot of pride,a lot of pride,no pride at all,4,a lot of pride,a lot of pride,6,2,4,a lot of pride,a lot of pride,5,6,a lot of pride,4,a lot of pride,4,5,4,5,a lot of pride,,,,,,,,,,,,,,,,,,,,,,,,,,,,,,,,,,,,,,,,,,,,,,,,,,,,,18,issues of geography,,412242
2018-01-24 19:46:32,2018-01-24 20:07:19,IP Address,128.171.41.22,100,1246,True,2018-01-24 20:07:20,R_2VIpUL9NrtcFtXv,,,,,21.306900024414,-157.85830688477,anonymous,EN,I have read the above information and agree to participate,Male,,,5,a lot of pride,5,a lot of pride,a lot of pride,a lot of pride,6,a lot of pride,a lot of pride,6,6,4,2,6,a lot of pride,a lot of pride,6,6,a lot of pride,a lot of pride,2,a lot of pride,5,a lot of pride,a lot of pride,,,,,,,,,,,,,,,,,,,,,,,,,,,,,,,,,,,,,,,,,,,,,,,,,,,,,,,,,,,,,,,,,,,,,,,,,,,,,,19,issues of religion,,546756
2018-01-24 19:48:07,2018-01-24 20:08:10,IP Address,128.171.41.23,100,1202,True,2018-01-24 20:08:10,R_3KVeNH9GgxvCjcV,,,,,21.306900024414,-157.85830688477,anonymous,EN,I have read the above information and agree to participate,Female,,,,,,,,,,,,,,,,,,,,,,,,,,,,,,,,,,,,,,,,,,,,,,,,,,,,,,,,,,,,,,,,,,,,,,,,,,,,,,,,I'd view ${lm://Field/3} very positively,I'd view ${lm://Field/3} very positively,I'd view ${lm://Field/3} very positively,I'd view ${lm://Field/3} very positively,I'd view ${lm://Field/3} very positively,I'd view ${lm://Field/3} very positively,5,I'd view ${lm://Field/3} very positively,6,6,I wouldn't view ${lm://Field/3} positively at all,6,5,I'd view ${lm://Field/3} very positively,I'd view ${lm://Field/3} very positively,6,6,I'd view ${lm://Field/3} very positively,I'd view ${lm://Field/3} very positively,6,4,I'd view ${lm://Field/3} very positively,I wouldn't view ${lm://Field/3} positively at all,I'd view ${lm://Field/3} very positively,6,21,issues of geography,,323200
2018-01-24 19:40:58,2018-01-24 20:08:36,IP Address,128.171.41.17,100,1657,True,2018-01-24 20:08:36,R_1fm8d2TwwHMzQwm,,,,,21.306900024414,-157.85830688477,anonymous,EN,I have read the above information and agree to participate,Female,,,,,,,,,,,,,,,,,,,,,,,,,,,,,,,,,,,,,,,,,,,,,,,,,,,,,,,,,,,,,,,,,,,,,,,,,,,,,,,,5,5,6,6,6,I'd view ${lm://Field/3} very positively,4,I'd view ${lm://Field/3} very positively,4,4,2,2,4,6,6,5,5,I'd view ${lm://Field/3} very positively,4,4,2,6,2,2,5,18,issues of geography,,576701
2018-01-24 19:32:04,2018-01-24 20:08:47,IP Address,128.171.41.10,100,2202,True,2018-01-24 20:08:47,R_1l4ZqbW6zUjSB8g,,,,,21.306900024414,-157.85830688477,anonymous,EN,I have read the above information and agree to participate,Female,,,,,,,,,,,,,,,,,,,,,,,,,,,,2,6,5,a lot of pride,a lot of pride,a lot of pride,5,a lot of pride,5,6,a lot of pride,a lot of pride,a lot of pride,a lot of pride,a lot of pride,a lot of pride,a lot of pride,a lot of pride,5,a lot of pride,no pride at all,a lot of pride,a lot of pride,a lot of pride,a lot of pride,,,,,,,,,,,,,,,,,,,,,,,,,,,,,,,,,,,,,,,,,,,,,,,,,,,,,23,issues of geography,,620332
2018-01-24 19:38:51,2018-01-24 20:11:06,IP Address,128.171.41.16,100,1934,True,2018-01-24 20:11:06,R_3KO35zIgOYUMgWR,,,,,21.306900024414,-157.85830688477,anonymous,EN,I have read the above information and agree to participate,Male,,,,,,,,,,,,,,,,,,,,,,,,,,,,,,,,,,,,,,,,,,,,,,,,,,,,,,,4,I'd view ${lm://Field/3} very positively,4,I'd view ${lm://Field/3} very positively,I'd view ${lm://Field/3} very positively,4,4,4,5,4,I wouldn't view ${lm://Field/3} positively at all,6,4,I'd view ${lm://Field/3} very positively,4,4,6,I'd view ${lm://Field/3} very positively,I'd view ${lm://Field/3} very positively,5,4,4,5,5,4,,,,,,,,,,,,,,,,,,,,,,,,,,26,issues of geography,"perhaps instead of saying, ""he, you could say, ""this person"" or ""this man, so to avoid the subconscious connecting of this ""he"" to every problem. unless, of course, that's the point of the survey",332750
2018-01-24 20:08:26,2018-01-24 20:11:30,IP Address,128.171.41.15,100,183,True,2018-01-24 20:11:31,R_1CxXqMw00bT7zzL,,,,,21.306900024414,-157.85830688477,anonymous,EN,I have read the above information and agree to participate,Female,,,,,,,,,,,,,,,,,,,,,,,,,,,,,,,,,,,,,,,,,,,,,,,,,,,,,,,,,,,,,,,,,,,,,,,,,,,,,,,,4,I'd view ${lm://Field/3} very positively,5,I'd view ${lm://Field/3} very positively,6,5,4,6,6,I'd view ${lm://Field/3} very positively,I wouldn't view ${lm://Field/3} positively at all,4,4,I'd view ${lm://Field/3} very positively,I'd view ${lm://Field/3} very positively,I'd view ${lm://Field/3} very positively,I'd view ${lm://Field/3} very positively,I'd view ${lm://Field/3} very positively,6,5,4,I'd view ${lm://Field/3} very positively,5,I'd view ${lm://Field/3} very positively,6,20,issues of geography,,799309
2018-01-24 20:10:36,2018-01-24 20:14:13,IP Address,128.171.41.21,100,217,True,2018-01-24 20:14:14,R_1op8N8CGyKKsCjY,,,,,21.306900024414,-157.85830688477,anonymous,EN,I have read the above information and agree to participate,Female,,,,,,,,,,,,,,,,,,,,,,,,,,,,a lot of pride,6,6,6,a lot of pride,6,6,a lot of pride,5,6,a lot of pride,6,6,5,6,6,a lot of pride,6,4,a lot of pride,2,a lot of pride,6,a lot of pride,a lot of pride,,,,,,,,,,,,,,,,,,,,,,,,,,,,,,,,,,,,,,,,,,,,,,,,,,,,,18,issues of geography,,884406
2018-01-24 20:11:19,2018-01-24 20:15:35,IP Address,128.171.41.9,100,255,True,2018-01-24 20:15:36,R_b8DZg6lDU3Tu6M9,,,,,21.306900024414,-157.85830688477,anonymous,EN,I have read the above information and agree to participate,Female,,,,,,,,,,,,,,,,,,,,,,,,,,,,,,,,,,,,,,,,,,,,,,,,,,,,,,,,,,,,,,,,,,,,,,,,,,,,,,,,4,6,5,I'd view ${lm://Field/3} very positively,I'd view ${lm://Field/3} very positively,6,4,5,5,4,5,4,4,6,6,5,6,6,6,5,6,I'd view ${lm://Field/3} very positively,3,6,5,26,issues of geography,,530253
2018-01-24 20:15:35,2018-01-24 20:19:18,IP Address,128.171.41.13,100,223,True,2018-01-24 20:19:19,R_31zlPs9iLiZgMox,,,,,21.306900024414,-157.85830688477,anonymous,EN,I have read the above information and agree to participate,Female,,,,,,,,,,,,,,,,,,,,,,,,,,,,3,4,4,6,4,5,no pride at all,a lot of pride,4,a lot of pride,4,6,2,6,6,5,a lot of pride,a lot of pride,4,4,2,a lot of pride,4,4,3,,,,,,,,,,,,,,,,,,,,,,,,,,,,,,,,,,,,,,,,,,,,,,,,,,,,,18,issues of geography,,305876
2018-01-24 20:18:46,2018-01-24 20:21:01,IP Address,128.171.41.20,100,134,True,2018-01-24 20:21:01,R_1meNnNdcsFV7rRo,,,,,21.306900024414,-157.85830688477,anonymous,EN,I have read the above information and agree to participate,Male,,,,,,,,,,,,,,,,,,,,,,,,,,,,,,,,,,,,,,,,,,,,,,,,,,,,,,,5,I'd view ${lm://Field/3} very positively,I'd view ${lm://Field/3} very positively,I'd view ${lm://Field/3} very positively,I'd view ${lm://Field/3} very positively,I'd view ${lm://Field/3} very positively,I'd view ${lm://Field/3} very positively,I'd view ${lm://Field/3} very positively,6,5,5,I'd view ${lm://Field/3} very positively,I'd view ${lm://Field/3} very positively,6,6,6,I'd view ${lm://Field/3} very positively,I'd view ${lm://Field/3} very positively,5,I'd view ${lm://Field/3} very positively,I wouldn't view ${lm://Field/3} positively at all,6,I'd view ${lm://Field/3} very positively,I'd view ${lm://Field/3} very positively,I'd view ${lm://Field/3} very positively,,,,,,,,,,,,,,,,,,,,,,,,,,20,issues of geography,,786863
2018-01-24 20:17:58,2018-01-24 20:21:39,IP Address,128.171.41.26,100,220,True,2018-01-24 20:21:39,R_2xWC8sBdzE6gRi8,,,,,21.306900024414,-157.85830688477,anonymous,EN,I have read the above information and agree to participate,Female,,,,,,,,,,,,,,,,,,,,,,,,,,,,5,4,5,4,3,4,4,2,6,no pride at all,no pride at all,4,a lot of pride,5,no pride at all,5,5,2,5,3,no pride at all,3,no pride at all,6,3,,,,,,,,,,,,,,,,,,,,,,,,,,,,,,,,,,,,,,,,,,,,,,,,,,,,,18,issues of geography,,471408
2018-01-24 20:19:22,2018-01-24 20:21:50,IP Address,128.171.41.8,100,147,True,2018-01-24 20:21:51,R_2VvIaRVTtn8x324,,,,,21.306900024414,-157.85830688477,anonymous,EN,I have read the above information and agree to participate,Male,,,no pride at all,4,3,a lot of pride,a lot of pride,3,no pride at all,4,3,a lot of pride,no pride at all,3,no pride at all,a lot of pride,4,4,a lot of pride,a lot of pride,a lot of pride,3,no pride at all,4,no pride at all,4,2,,,,,,,,,,,,,,,,,,,,,,,,,,,,,,,,,,,,,,,,,,,,,,,,,,,,,,,,,,,,,,,,,,,,,,,,,,,,,,19,issues of geography,,380142
2018-01-24 20:17:16,2018-01-24 20:22:15,IP Address,128.171.41.19,100,299,True,2018-01-24 20:22:16,R_79WmJ4wDHfCmuVb,,,,,21.306900024414,-157.85830688477,anonymous,EN,I have read the above information and agree to participate,Female,,,,,,,,,,,,,,,,,,,,,,,,,,,,,,,,,,,,,,,,,,,,,,,,,,,,,,,,,,,,,,,,,,,,,,,,,,,,,,,,2,4,3,6,6,I'd view ${lm://Field/3} very positively,2,4,4,6,6,2,2,6,5,5,3,6,I'd view ${lm://Field/3} very positively,I wouldn't view ${lm://Field/3} positively at all,2,I'd view ${lm://Field/3} very positively,I'd view ${lm://Field/3} very positively,4,I'd view ${lm://Field/3} very positively,18,issues of geography,,876066
2018-01-24 20:19:46,2018-01-24 20:22:20,IP Address,128.171.41.14,100,154,True,2018-01-24 20:22:21,R_wXHCrRgBD6Ds4tX,,,,,21.306900024414,-157.85830688477,anonymous,EN,I have read the above information and agree to participate,Male,,,,,,,,,,,,,,,,,,,,,,,,,,,,,,,,,,,,,,,,,,,,,,,,,,,,,,,4,I'd view ${lm://Field/3} very positively,6,I'd view ${lm://Field/3} very positively,I'd view ${lm://Field/3} very positively,I'd view ${lm://Field/3} very positively,5,I'd view ${lm://Field/3} very positively,I'd view ${lm://Field/3} very positively,I'd view ${lm://Field/3} very positively,4,5,5,I'd view ${lm://Field/3} very positively,I'd view ${lm://Field/3} very positively,I'd view ${lm://Field/3} very positively,5,I'd view ${lm://Field/3} very positively,I'd view ${lm://Field/3} very positively,6,6,I'd view ${lm://Field/3} very positively,3,I'd view ${lm://Field/3} very positively,5,,,,,,,,,,,,,,,,,,,,,,,,,,19,issues of geography,,778191
2018-01-24 20:18:49,2018-01-24 20:22:29,IP Address,128.171.41.25,100,219,True,2018-01-24 20:22:30,R_1eDfzVWvlM1vk9z,,,,,21.306900024414,-157.85830688477,anonymous,EN,I have read the above information and agree to participate,Male,,,,,,,,,,,,,,,,,,,,,,,,,,,,,,,,,,,,,,,,,,,,,,,,,,,,,,,4,I'd view ${lm://Field/3} very positively,5,I'd view ${lm://Field/3} very positively,5,I'd view ${lm://Field/3} very positively,3,I'd view ${lm://Field/3} very positively,I'd view ${lm://Field/3} very positively,5,5,I'd view ${lm://Field/3} very positively,4,I'd view ${lm://Field/3} very positively,I'd view ${lm://Field/3} very positively,I'd view ${lm://Field/3} very positively,5,I'd view ${lm://Field/3} very positively,I'd view ${lm://Field/3} very positively,I'd view ${lm://Field/3} very positively,5,I'd view ${lm://Field/3} very positively,I'd view ${lm://Field/3} very positively,5,5,,,,,,,,,,,,,,,,,,,,,,,,,,19,issues of geography,"I read through the last question because it was especially long and might have read quicker during the actual survey. Oftentimes the most important information is at the beginning and end, so I paid extra attention to it. ",669149
2018-01-24 20:20:28,2018-01-24 20:23:31,IP Address,128.171.41.24,100,183,True,2018-01-24 20:23:32,R_V4NFP17qluLim4N,,,,,21.306900024414,-157.85830688477,anonymous,EN,I have read the above information and agree to participate,Female,,,,,,,,,,,,,,,,,,,,,,,,,,,,6,a lot of pride,6,a lot of pride,a lot of pride,a lot of pride,5,a lot of pride,a lot of pride,a lot of pride,4,4,5,a lot of pride,5,a lot of pride,a lot of pride,a lot of pride,a lot of pride,5,4,a lot of pride,4,a lot of pride,5,,,,,,,,,,,,,,,,,,,,,,,,,,,,,,,,,,,,,,,,,,,,,,,,,,,,,20,issues of geography,,234455
2018-01-24 20:22:25,2018-01-24 20:24:52,IP Address,128.171.41.12,100,147,True,2018-01-24 20:24:53,R_1IR6iD4BLCpL8Cx,,,,,21.306900024414,-157.85830688477,anonymous,EN,I have read the above information and agree to participate,Female,,,,,,,,,,,,,,,,,,,,,,,,,,,,5,a lot of pride,a lot of pride,a lot of pride,a lot of pride,a lot of pride,6,a lot of pride,5,5,2,6,a lot of pride,a lot of pride,a lot of pride,a lot of pride,a lot of pride,a lot of pride,a lot of pride,5,no pride at all,a lot of pride,no pride at all,a lot of pride,a lot of pride,,,,,,,,,,,,,,,,,,,,,,,,,,,,,,,,,,,,,,,,,,,,,,,,,,,,,18,issues of geography,,292332
2018-01-24 20:25:31,2018-01-24 20:28:23,IP Address,128.171.41.18,100,171,True,2018-01-24 20:28:24,R_SYShSUv4uDRqB6V,,,,,21.306900024414,-157.85830688477,anonymous,EN,I have read the above information and agree to participate,Female,,,,,,,,,,,,,,,,,,,,,,,,,,,,,,,,,,,,,,,,,,,,,,,,,,,,,,,,,,,,,,,,,,,,,,,,,,,,,,,,5,I'd view ${lm://Field/3} very positively,I'd view ${lm://Field/3} very positively,I'd view ${lm://Field/3} very positively,I'd view ${lm://Field/3} very positively,I'd view ${lm://Field/3} very positively,4,I'd view ${lm://Field/3} very positively,I'd view ${lm://Field/3} very positively,5,I'd view ${lm://Field/3} very positively,I'd view ${lm://Field/3} very positively,I'd view ${lm://Field/3} very positively,I'd view ${lm://Field/3} very positively,I'd view ${lm://Field/3} very positively,I'd view ${lm://Field/3} very positively,I'd view ${lm://Field/3} very positively,I'd view ${lm://Field/3} very positively,I'd view ${lm://Field/3} very positively,5,4,I'd view ${lm://Field/3} very positively,3,I'd view ${lm://Field/3} very positively,I'd view ${lm://Field/3} very positively,22,issues of geography,,133035
2018-01-24 20:35:27,2018-01-24 20:51:18,IP Address,128.171.41.16,100,951,True,2018-01-24 20:51:19,R_AcCJVywwfdW0i5z,,,,,21.306900024414,-157.85830688477,anonymous,EN,I have read the above information and agree to participate,Female,,,,,,,,,,,,,,,,,,,,,,,,,,,,5,a lot of pride,a lot of pride,a lot of pride,a lot of pride,no pride at all,4,a lot of pride,a lot of pride,a lot of pride,3,a lot of pride,a lot of pride,a lot of pride,a lot of pride,a lot of pride,a lot of pride,a lot of pride,5,a lot of pride,no pride at all,a lot of pride,3,a lot of pride,4,,,,,,,,,,,,,,,,,,,,,,,,,,,,,,,,,,,,,,,,,,,,,,,,,,,,,19,issues of geography,,719453
2018-01-24 20:35:15,2018-01-24 20:51:29,IP Address,128.171.41.15,100,973,True,2018-01-24 20:51:30,R_2fy4ShbrKlyvAv0,,,,,21.306900024414,-157.85830688477,anonymous,EN,I have read the above information and agree to participate,Female,,,,,,,,,,,,,,,,,,,,,,,,,,,,,,,,,,,,,,,,,,,,,,,,,,,,,,,,,,,,,,,,,,,,,,,,,,,,,,,,6,6,5,I'd view ${lm://Field/3} very positively,I'd view ${lm://Field/3} very positively,4,5,I'd view ${lm://Field/3} very positively,I'd view ${lm://Field/3} very positively,I'd view ${lm://Field/3} very positively,3,6,I'd view ${lm://Field/3} very positively,I'd view ${lm://Field/3} very positively,I'd view ${lm://Field/3} very positively,I'd view ${lm://Field/3} very positively,6,I'd view ${lm://Field/3} very positively,I'd view ${lm://Field/3} very positively,5,3,I'd view ${lm://Field/3} very positively,I'd view ${lm://Field/3} very positively,I'd view ${lm://Field/3} very positively,I'd view ${lm://Field/3} very positively,18,issues of technology,,542745
2018-01-24 20:33:27,2018-01-24 20:52:26,IP Address,128.171.41.10,100,1138,True,2018-01-24 20:52:27,R_2f3ex9GWca3FY61,,,,,21.306900024414,-157.85830688477,anonymous,EN,I have read the above information and agree to participate,Male,,,5,a lot of pride,4,a lot of pride,a lot of pride,a lot of pride,4,a lot of pride,4,a lot of pride,no pride at all,6,5,a lot of pride,a lot of pride,a lot of pride,a lot of pride,a lot of pride,a lot of pride,a lot of pride,4,a lot of pride,a lot of pride,a lot of pride,5,,,,,,,,,,,,,,,,,,,,,,,,,,,,,,,,,,,,,,,,,,,,,,,,,,,,,,,,,,,,,,,,,,,,,,,,,,,,,,23,issues of geography,,657652
2018-01-24 20:36:47,2018-01-24 20:52:39,IP Address,128.171.41.21,100,951,True,2018-01-24 20:52:39,R_3iUseN3hr4kOVxm,,,,,21.306900024414,-157.85830688477,anonymous,EN,I have read the above information and agree to participate,Female,,,,,,,,,,,,,,,,,,,,,,,,,,,,,,,,,,,,,,,,,,,,,,,,,,,,,,,,,,,,,,,,,,,,,,,,,,,,,,,,6,I'd view ${lm://Field/3} very positively,6,I'd view ${lm://Field/3} very positively,I'd view ${lm://Field/3} very positively,6,4,I'd view ${lm://Field/3} very positively,I'd view ${lm://Field/3} very positively,I'd view ${lm://Field/3} very positively,I wouldn't view ${lm://Field/3} positively at all,6,5,I'd view ${lm://Field/3} very positively,I'd view ${lm://Field/3} very positively,I'd view ${lm://Field/3} very positively,I'd view ${lm://Field/3} very positively,I'd view ${lm://Field/3} very positively,I'd view ${lm://Field/3} very positively,4,4,I'd view ${lm://Field/3} very positively,I wouldn't view ${lm://Field/3} positively at all,I'd view ${lm://Field/3} very positively,I'd view ${lm://Field/3} very positively,21,issues of geography,,822449
2018-01-24 20:33:19,2018-01-24 20:52:46,IP Address,128.171.41.9,100,1167,True,2018-01-24 20:52:46,R_1kHA9GpTyESqRrU,,,,,21.306900024414,-157.85830688477,anonymous,EN,I have read the above information and agree to participate,Female,,,,,,,,,,,,,,,,,,,,,,,,,,,,6,6,a lot of pride,5,a lot of pride,a lot of pride,5,a lot of pride,6,5,no pride at all,5,4,5,4,5,a lot of pride,6,5,4,3,a lot of pride,5,6,5,,,,,,,,,,,,,,,,,,,,,,,,,,,,,,,,,,,,,,,,,,,,,,,,,,,,,18,issues of geography,,608936
2018-01-24 20:51:13,2018-01-24 20:53:12,IP Address,128.171.41.14,100,118,True,2018-01-24 20:53:13,R_3PvOsR9H3C4o2TL,,,,,21.306900024414,-157.85830688477,anonymous,EN,I have read the above information and agree to participate,Female,,,,,,,,,,,,,,,,,,,,,,,,,,,,6,a lot of pride,a lot of pride,a lot of pride,a lot of pride,a lot of pride,5,a lot of pride,6,a lot of pride,5,6,6,a lot of pride,a lot of pride,a lot of pride,6,a lot of pride,a lot of pride,6,4,a lot of pride,4,a lot of pride,6,,,,,,,,,,,,,,,,,,,,,,,,,,,,,,,,,,,,,,,,,,,,,,,,,,,,,18,issues of geography,,941669
2018-01-24 20:52:39,2018-01-24 20:56:01,IP Address,128.171.41.8,100,202,True,2018-01-24 20:56:02,R_cTq3pLGMuR9AgAp,,,,,21.306900024414,-157.85830688477,anonymous,EN,I have read the above information and agree to participate,Female,,,,,,,,,,,,,,,,,,,,,,,,,,,,,,,,,,,,,,,,,,,,,,,,,,,,,,,,,,,,,,,,,,,,,,,,,,,,,,,,4,6,4,6,6,4,4,6,6,6,4,4,4,6,6,5,6,6,6,4,4,6,4,6,6,18,issues of geography,,482228
2018-01-24 20:36:52,2018-01-24 20:56:23,IP Address,128.171.41.22,100,1170,True,2018-01-24 20:56:23,R_1GDj7aB3BDa0681,,,,,21.306900024414,-157.85830688477,anonymous,EN,I have read the above information and agree to participate,Male,,,,,,,,,,,,,,,,,,,,,,,,,,,,,,,,,,,,,,,,,,,,,,,,,,,,,,,3,6,4,4,6,6,6,6,5,I'd view ${lm://Field/3} very positively,4,6,5,4,6,6,6,6,5,6,6,6,4,6,6,,,,,,,,,,,,,,,,,,,,,,,,,,26,issues of geography,,389610
2018-01-24 20:54:03,2018-01-24 20:58:15,IP Address,128.171.41.20,100,251,True,2018-01-24 20:58:15,R_30j9igsevQJ0Ouz,,,,,21.306900024414,-157.85830688477,anonymous,EN,I have read the above information and agree to participate,Male,,,,,,,,,,,,,,,,,,,,,,,,,,,,,,,,,,,,,,,,,,,,,,,,,,,,,,,I wouldn't view ${lm://Field/3} positively at all,2,4,4,4,4,I wouldn't view ${lm://Field/3} positively at all,4,I wouldn't view ${lm://Field/3} positively at all,2,I wouldn't view ${lm://Field/3} positively at all,4,I wouldn't view ${lm://Field/3} positively at all,4,4,I wouldn't view ${lm://Field/3} positively at all,I wouldn't view ${lm://Field/3} positively at all,6,I wouldn't view ${lm://Field/3} positively at all,I wouldn't view ${lm://Field/3} positively at all,I wouldn't view ${lm://Field/3} positively at all,2,2,4,I wouldn't view ${lm://Field/3} positively at all,,,,,,,,,,,,,,,,,,,,,,,,,,28,issues of geography,,550252
2018-01-24 20:57:37,2018-01-24 21:01:31,IP Address,128.171.41.24,100,233,True,2018-01-24 21:01:32,R_1d9MmJvFAH0un7G,,,,,21.306900024414,-157.85830688477,anonymous,EN,I have read the above information and agree to participate,Male,,,3,5,4,3,4,4,2,3,3,6,a lot of pride,2,2,5,a lot of pride,3,3,6,3,4,3,5,6,5,4,,,,,,,,,,,,,,,,,,,,,,,,,,,,,,,,,,,,,,,,,,,,,,,,,,,,,,,,,,,,,,,,,,,,,,,,,,,,,,20,issues of geography,,365597
2018-01-24 20:59:42,2018-01-24 21:02:51,IP Address,128.171.41.12,100,189,True,2018-01-24 21:02:52,R_2EuRJEpOf3vWH2r,,,,,21.306900024414,-157.85830688477,anonymous,EN,I have read the above information and agree to participate,Female,,,,,,,,,,,,,,,,,,,,,,,,,,,,a lot of pride,a lot of pride,a lot of pride,6,a lot of pride,5,3,6,a lot of pride,a lot of pride,3,a lot of pride,4,a lot of pride,a lot of pride,4,a lot of pride,a lot of pride,a lot of pride,4,4,a lot of pride,4,a lot of pride,5,,,,,,,,,,,,,,,,,,,,,,,,,,,,,,,,,,,,,,,,,,,,,,,,,,,,,23,issues of geography,,354351
2018-01-24 21:00:46,2018-01-24 21:03:29,IP Address,128.171.41.19,100,163,True,2018-01-24 21:03:30,R_1jiW6bGSDZC7T4Q,,,,,21.306900024414,-157.85830688477,anonymous,EN,I have read the above information and agree to participate,Female,,,,,,,,,,,,,,,,,,,,,,,,,,,,,,,,,,,,,,,,,,,,,,,,,,,,,,,,,,,,,,,,,,,,,,,,,,,,,,,,I'd view ${lm://Field/3} very positively,I'd view ${lm://Field/3} very positively,I'd view ${lm://Field/3} very positively,I'd view ${lm://Field/3} very positively,I'd view ${lm://Field/3} very positively,I'd view ${lm://Field/3} very positively,I'd view ${lm://Field/3} very positively,I'd view ${lm://Field/3} very positively,I'd view ${lm://Field/3} very positively,I'd view ${lm://Field/3} very positively,I wouldn't view ${lm://Field/3} positively at all,I'd view ${lm://Field/3} very positively,I'd view ${lm://Field/3} very positively,I'd view ${lm://Field/3} very positively,I'd view ${lm://Field/3} very positively,I'd view ${lm://Field/3} very positively,I'd view ${lm://Field/3} very positively,I'd view ${lm://Field/3} very positively,I'd view ${lm://Field/3} very positively,I'd view ${lm://Field/3} very positively,I'd view ${lm://Field/3} very positively,I'd view ${lm://Field/3} very positively,5,I'd view ${lm://Field/3} very positively,I'd view ${lm://Field/3} very positively,20,issues of religion,,470955
2018-01-24 21:01:15,2018-01-24 21:03:47,IP Address,128.171.41.11,100,151,True,2018-01-24 21:03:47,R_Agnk5i0mkH22XjH,,,,,21.306900024414,-157.85830688477,anonymous,EN,I have read the above information and agree to participate,Female,,,,,,,,,,,,,,,,,,,,,,,,,,,,4,5,a lot of pride,a lot of pride,a lot of pride,5,6,a lot of pride,a lot of pride,5,5,5,5,6,6,6,6,6,5,6,4,6,6,4,6,,,,,,,,,,,,,,,,,,,,,,,,,,,,,,,,,,,,,,,,,,,,,,,,,,,,,19,issues of geography,,382329
2018-01-24 21:00:39,2018-01-24 21:05:00,IP Address,128.171.41.18,100,260,True,2018-01-24 21:05:00,R_1DwkSah8xG7IfcI,,,,,21.306900024414,-157.85830688477,anonymous,EN,I have read the above information and agree to participate,Female,,,,,,,,,,,,,,,,,,,,,,,,,,,,,,,,,,,,,,,,,,,,,,,,,,,,,,,,,,,,,,,,,,,,,,,,,,,,,,,,4,6,4,I'd view ${lm://Field/3} very positively,5,6,4,6,6,5,I wouldn't view ${lm://Field/3} positively at all,4,4,I'd view ${lm://Field/3} very positively,I'd view ${lm://Field/3} very positively,I'd view ${lm://Field/3} very positively,5,I'd view ${lm://Field/3} very positively,I'd view ${lm://Field/3} very positively,5,4,6,I wouldn't view ${lm://Field/3} positively at all,I'd view ${lm://Field/3} very positively,I'd view ${lm://Field/3} very positively,18,issues of geography,,347060
2018-01-24 21:04:52,2018-01-24 21:08:08,IP Address,128.171.41.13,100,196,True,2018-01-24 21:08:09,R_poVhzNbWWiSnI3f,,,,,21.306900024414,-157.85830688477,anonymous,EN,I have read the above information and agree to participate,Male,,,4,a lot of pride,5,a lot of pride,a lot of pride,5,6,6,6,4,3,6,5,a lot of pride,3,a lot of pride,5,a lot of pride,6,a lot of pride,4,6,6,a lot of pride,5,,,,,,,,,,,,,,,,,,,,,,,,,,,,,,,,,,,,,,,,,,,,,,,,,,,,,,,,,,,,,,,,,,,,,,,,,,,,,,18,issues of geography,,965557
2018-01-24 21:06:54,2018-01-24 21:09:21,IP Address,128.171.41.17,100,147,True,2018-01-24 21:09:22,R_ufZXUBVjWVZYLAt,,,,,21.306900024414,-157.85830688477,anonymous,EN,I have read the above information and agree to participate,Female,,,,,,,,,,,,,,,,,,,,,,,,,,,,,,,,,,,,,,,,,,,,,,,,,,,,,,,,,,,,,,,,,,,,,,,,,,,,,,,,6,I'd view ${lm://Field/3} very positively,I'd view ${lm://Field/3} very positively,I'd view ${lm://Field/3} very positively,I'd view ${lm://Field/3} very positively,I'd view ${lm://Field/3} very positively,I'd view ${lm://Field/3} very positively,6,I'd view ${lm://Field/3} very positively,I'd view ${lm://Field/3} very positively,5,5,5,I'd view ${lm://Field/3} very positively,I'd view ${lm://Field/3} very positively,I'd view ${lm://Field/3} very positively,I'd view ${lm://Field/3} very positively,I'd view ${lm://Field/3} very positively,I'd view ${lm://Field/3} very positively,I'd view ${lm://Field/3} very positively,5,I'd view ${lm://Field/3} very positively,6,I'd view ${lm://Field/3} very positively,I'd view ${lm://Field/3} very positively,19,issues of geography,No comment.,558313
2018-01-24 21:18:56,2018-01-24 21:24:16,IP Address,128.171.41.23,100,320,True,2018-01-24 21:24:17,R_3JfLoiyEzc5exWr,,,,,21.306900024414,-157.85830688477,anonymous,EN,I have read the above information and agree to participate,Male,,,no pride at all,6,2,a lot of pride,a lot of pride,5,6,6,3,5,3,5,5,a lot of pride,6,a lot of pride,a lot of pride,a lot of pride,a lot of pride,2,no pride at all,6,2,5,5,,,,,,,,,,,,,,,,,,,,,,,,,,,,,,,,,,,,,,,,,,,,,,,,,,,,,,,,,,,,,,,,,,,,,,,,,,,,,,18,issues of religion,,139626
2018-01-26 19:34:15,2018-01-26 20:04:48,IP Address,128.171.41.16,100,1833,True,2018-01-26 20:04:49,R_2uIAXu8WvfhWVrZ,,,,,21.306900024414,-157.85830688477,anonymous,EN,I have read the above information and agree to participate,Female,,,,,,,,,,,,,,,,,,,,,,,,,,,,,,,,,,,,,,,,,,,,,,,,,,,,,,,,,,,,,,,,,,,,,,,,,,,,,,,,4,5,4,I'd view ${lm://Field/3} very positively,5,5,5,6,5,5,3,4,4,I'd view ${lm://Field/3} very positively,6,5,5,I'd view ${lm://Field/3} very positively,5,4,4,6,2,6,6,20,issues of geography,,641819
2018-01-26 19:36:13,2018-01-26 20:05:15,IP Address,128.171.41.11,100,1741,True,2018-01-26 20:05:16,R_3Hny68AdCbMlKrK,,,,,21.306900024414,-157.85830688477,anonymous,EN,I have read the above information and agree to participate,Male,,,5,a lot of pride,3,5,3,2,3,a lot of pride,5,6,5,4,5,a lot of pride,5,a lot of pride,a lot of pride,a lot of pride,a lot of pride,no pride at all,2,a lot of pride,no pride at all,a lot of pride,4,,,,,,,,,,,,,,,,,,,,,,,,,,,,,,,,,,,,,,,,,,,,,,,,,,,,,,,,,,,,,,,,,,,,,,,,,,,,,,18,issues of geography,,732016
2018-01-26 19:36:18,2018-01-26 20:07:47,IP Address,128.171.41.10,100,1889,True,2018-01-26 20:07:48,R_3MhUwzOInESYcxr,,,,,21.306900024414,-157.85830688477,anonymous,EN,I have read the above information and agree to participate,Female,,,,,,,,,,,,,,,,,,,,,,,,,,,,,,,,,,,,,,,,,,,,,,,,,,,,,,,,,,,,,,,,,,,,,,,,,,,,,,,,5,5,4,I'd view ${lm://Field/3} very positively,I'd view ${lm://Field/3} very positively,6,2,6,6,5,2,4,2,I'd view ${lm://Field/3} very positively,I'd view ${lm://Field/3} very positively,I'd view ${lm://Field/3} very positively,6,I'd view ${lm://Field/3} very positively,6,3,2,I'd view ${lm://Field/3} very positively,4,I'd view ${lm://Field/3} very positively,I'd view ${lm://Field/3} very positively,24,issues of geography,,375299
2018-01-26 19:33:30,2018-01-26 20:09:01,IP Address,128.171.41.17,100,2131,True,2018-01-26 20:09:02,R_1DVhdCSFlFsoAty,,,,,21.306900024414,-157.85830688477,anonymous,EN,I have read the above information and agree to participate,Female,,,,,,,,,,,,,,,,,,,,,,,,,,,,6,5,4,6,5,a lot of pride,3,4,a lot of pride,5,5,6,4,4,5,4,5,5,6,6,3,5,2,a lot of pride,4,,,,,,,,,,,,,,,,,,,,,,,,,,,,,,,,,,,,,,,,,,,,,,,,,,,,,24,issues of geography,,585918
2018-01-26 20:06:08,2018-01-26 20:09:12,IP Address,128.171.41.15,100,184,True,2018-01-26 20:09:13,R_en8pc3Dic4lZSnf,,,,,21.306900024414,-157.85830688477,anonymous,EN,I have read the above information and agree to participate,Male,,,,,,,,,,,,,,,,,,,,,,,,,,,,,,,,,,,,,,,,,,,,,,,,,,,,,,,4,5,4,I'd view ${lm://Field/3} very positively,6,5,4,4,4,5,I wouldn't view ${lm://Field/3} positively at all,4,5,I'd view ${lm://Field/3} very positively,6,5,6,I'd view ${lm://Field/3} very positively,5,4,I wouldn't view ${lm://Field/3} positively at all,5,2,4,4,,,,,,,,,,,,,,,,,,,,,,,,,,19,issues of geography,,848146
2018-01-26 20:06:53,2018-01-26 20:10:39,IP Address,128.171.41.9,100,225,True,2018-01-26 20:10:40,R_4IMelcgab4QM4GB,,,,,21.306900024414,-157.85830688477,anonymous,EN,I have read the above information and agree to participate,Female,,,,,,,,,,,,,,,,,,,,,,,,,,,,,,,,,,,,,,,,,,,,,,,,,,,,,,,,,,,,,,,,,,,,,,,,,,,,,,,,6,I'd view ${lm://Field/3} very positively,I'd view ${lm://Field/3} very positively,I'd view ${lm://Field/3} very positively,I'd view ${lm://Field/3} very positively,4,I'd view ${lm://Field/3} very positively,I'd view ${lm://Field/3} very positively,I'd view ${lm://Field/3} very positively,I'd view ${lm://Field/3} very positively,2,I'd view ${lm://Field/3} very positively,5,I'd view ${lm://Field/3} very positively,5,4,I'd view ${lm://Field/3} very positively,5,5,I'd view ${lm://Field/3} very positively,4,I'd view ${lm://Field/3} very positively,4,I'd view ${lm://Field/3} very positively,5,18,issues of geography,,729692
2018-01-26 20:10:53,2018-01-26 20:13:02,IP Address,128.171.41.13,100,128,True,2018-01-26 20:13:03,R_3D1PEXrmZziqoJA,,,,,21.306900024414,-157.85830688477,anonymous,EN,I have read the above information and agree to participate,Female,,,,,,,,,,,,,,,,,,,,,,,,,,,,a lot of pride,a lot of pride,a lot of pride,a lot of pride,a lot of pride,a lot of pride,a lot of pride,a lot of pride,a lot of pride,a lot of pride,a lot of pride,a lot of pride,a lot of pride,a lot of pride,a lot of pride,a lot of pride,a lot of pride,a lot of pride,a lot of pride,a lot of pride,no pride at all,a lot of pride,no pride at all,a lot of pride,a lot of pride,,,,,,,,,,,,,,,,,,,,,,,,,,,,,,,,,,,,,,,,,,,,,,,,,,,,,20,issues of technology,,152588
2018-01-26 20:15:03,2018-01-26 20:17:43,IP Address,128.171.41.8,100,160,True,2018-01-26 20:17:44,R_2zMGlS1bH2HOjQX,,,,,21.306900024414,-157.85830688477,anonymous,EN,I have read the above information and agree to participate,Female,,,,,,,,,,,,,,,,,,,,,,,,,,,,,,,,,,,,,,,,,,,,,,,,,,,,,,,,,,,,,,,,,,,,,,,,,,,,,,,,4,5,6,I'd view ${lm://Field/3} very positively,5,5,4,5,I'd view ${lm://Field/3} very positively,I'd view ${lm://Field/3} very positively,2,5,4,I'd view ${lm://Field/3} very positively,6,6,6,I'd view ${lm://Field/3} very positively,I'd view ${lm://Field/3} very positively,4,4,6,4,6,I'd view ${lm://Field/3} very positively,18,issues of geography,,464820
2018-01-26 20:17:29,2018-01-26 20:20:12,IP Address,128.171.41.14,100,162,True,2018-01-26 20:20:12,R_3fODmXXnHxOWmpe,,,,,21.306900024414,-157.85830688477,anonymous,EN,I have read the above information and agree to participate,Male,,,,,,,,,,,,,,,,,,,,,,,,,,,,,,,,,,,,,,,,,,,,,,,,,,,,,,,4,4,4,I'd view ${lm://Field/3} very positively,I'd view ${lm://Field/3} very positively,4,4,I'd view ${lm://Field/3} very positively,4,I'd view ${lm://Field/3} very positively,I'd view ${lm://Field/3} very positively,4,I'd view ${lm://Field/3} very positively,I'd view ${lm://Field/3} very positively,I'd view ${lm://Field/3} very positively,I'd view ${lm://Field/3} very positively,I'd view ${lm://Field/3} very positively,I'd view ${lm://Field/3} very positively,4,4,I wouldn't view ${lm://Field/3} positively at all,4,I'd view ${lm://Field/3} very positively,4,I'd view ${lm://Field/3} very positively,,,,,,,,,,,,,,,,,,,,,,,,,,20,issues of geography,,574223
2018-01-26 20:15:49,2018-01-26 20:20:30,IP Address,128.171.41.19,100,280,True,2018-01-26 20:20:30,R_5bBrAnxmpoRhAfD,,,,,21.306900024414,-157.85830688477,anonymous,EN,I have read the above information and agree to participate,Female,,,,,,,,,,,,,,,,,,,,,,,,,,,,5,2,a lot of pride,a lot of pride,a lot of pride,a lot of pride,3,a lot of pride,a lot of pride,2,6,4,2,4,6,6,5,2,4,6,no pride at all,2,6,a lot of pride,4,,,,,,,,,,,,,,,,,,,,,,,,,,,,,,,,,,,,,,,,,,,,,,,,,,,,,25,issues of geography,,674131
2018-01-26 20:18:27,2018-01-26 20:21:02,IP Address,128.171.41.12,100,155,True,2018-01-26 20:21:03,R_1zTmaCB3PtpafOF,,,,,21.306900024414,-157.85830688477,anonymous,EN,I have read the above information and agree to participate,Male,,,a lot of pride,a lot of pride,a lot of pride,a lot of pride,a lot of pride,a lot of pride,a lot of pride,a lot of pride,a lot of pride,a lot of pride,a lot of pride,a lot of pride,a lot of pride,6,a lot of pride,a lot of pride,a lot of pride,a lot of pride,6,5,a lot of pride,a lot of pride,a lot of pride,a lot of pride,a lot of pride,,,,,,,,,,,,,,,,,,,,,,,,,,,,,,,,,,,,,,,,,,,,,,,,,,,,,,,,,,,,,,,,,,,,,,,,,,,,,,24,issues of religion,,387213
2018-01-26 20:20:50,2018-01-26 20:25:13,IP Address,128.171.41.18,100,262,True,2018-01-26 20:25:13,R_2374DcrGjakLeXi,,,,,21.306900024414,-157.85830688477,anonymous,EN,I have read the above information and agree to participate,Male,,,,,,,,,,,,,,,,,,,,,,,,,,,,,,,,,,,,,,,,,,,,,,,,,,,,,,,4,6,6,I'd view ${lm://Field/3} very positively,6,5,4,I'd view ${lm://Field/3} very positively,6,5,I wouldn't view ${lm://Field/3} positively at all,4,4,I'd view ${lm://Field/3} very positively,5,I'd view ${lm://Field/3} very positively,I'd view ${lm://Field/3} very positively,I'd view ${lm://Field/3} very positively,6,4,4,6,2,5,6,,,,,,,,,,,,,,,,,,,,,,,,,,18,issues of geography,,301463
2018-01-26 20:29:54,2018-01-26 20:46:50,IP Address,128.171.41.11,100,1015,True,2018-01-26 20:46:50,R_XBUNhMbpmFkrrMd,,,,,21.306900024414,-157.85830688477,anonymous,EN,I have read the above information and agree to participate,Male,,,,,,,,,,,,,,,,,,,,,,,,,,,,,,,,,,,,,,,,,,,,,,,,,,,,,,,3,5,4,6,5,5,3,6,5,I'd view ${lm://Field/3} very positively,2,5,4,5,3,4,3,I'd view ${lm://Field/3} very positively,6,3,3,3,5,4,5,,,,,,,,,,,,,,,,,,,,,,,,,,22,issues of geography,,948233
2018-01-26 20:29:47,2018-01-26 20:49:30,IP Address,128.171.41.10,100,1182,True,2018-01-26 20:49:31,R_TvZRAbGK4Xka2Ep,,,,,21.306900024414,-157.85830688477,anonymous,EN,I have read the above information and agree to participate,Female,,,,,,,,,,,,,,,,,,,,,,,,,,,,5,a lot of pride,4,3,4,4,4,6,3,4,a lot of pride,a lot of pride,a lot of pride,3,4,6,5,5,3,a lot of pride,2,6,4,5,a lot of pride,,,,,,,,,,,,,,,,,,,,,,,,,,,,,,,,,,,,,,,,,,,,,,,,,,,,,18,issues of geography,,643987
2018-01-26 20:47:36,2018-01-26 20:51:37,IP Address,128.171.41.9,100,240,True,2018-01-26 20:51:37,R_2xJzJuc1P7zkr3F,,,,,21.306900024414,-157.85830688477,anonymous,EN,I have read the above information and agree to participate,Male,,,no pride at all,5,6,a lot of pride,6,a lot of pride,5,3,no pride at all,6,4,3,4,6,5,3,6,6,5,a lot of pride,no pride at all,6,a lot of pride,a lot of pride,6,,,,,,,,,,,,,,,,,,,,,,,,,,,,,,,,,,,,,,,,,,,,,,,,,,,,,,,,,,,,,,,,,,,,,,,,,,,,,,19,issues of geography,,464064
2018-01-26 21:02:01,2018-01-26 21:04:47,IP Address,128.171.41.12,100,165,True,2018-01-26 21:04:47,R_5gqhyAAfiWOuC3v,,,,,21.306900024414,-157.85830688477,anonymous,EN,I have read the above information and agree to participate,Female,,,,,,,,,,,,,,,,,,,,,,,,,,,,no pride at all,a lot of pride,a lot of pride,a lot of pride,a lot of pride,a lot of pride,a lot of pride,a lot of pride,5,a lot of pride,5,a lot of pride,a lot of pride,a lot of pride,a lot of pride,a lot of pride,a lot of pride,a lot of pride,a lot of pride,a lot of pride,no pride at all,a lot of pride,3,a lot of pride,a lot of pride,,,,,,,,,,,,,,,,,,,,,,,,,,,,,,,,,,,,,,,,,,,,,,,,,,,,,19,issues of geography,,771174
2018-01-26 21:03:07,2018-01-26 21:06:09,IP Address,128.171.41.8,100,182,True,2018-01-26 21:06:10,R_eewagX4o10FFajn,,,,,21.306900024414,-157.85830688477,anonymous,EN,I have read the above information and agree to participate,Female,,,,,,,,,,,,,,,,,,,,,,,,,,,,,,,,,,,,,,,,,,,,,,,,,,,,,,,,,,,,,,,,,,,,,,,,,,,,,,,,I'd view ${lm://Field/3} very positively,I'd view ${lm://Field/3} very positively,I'd view ${lm://Field/3} very positively,I'd view ${lm://Field/3} very positively,I'd view ${lm://Field/3} very positively,I'd view ${lm://Field/3} very positively,I'd view ${lm://Field/3} very positively,I'd view ${lm://Field/3} very positively,I'd view ${lm://Field/3} very positively,I'd view ${lm://Field/3} very positively,I'd view ${lm://Field/3} very positively,I'd view ${lm://Field/3} very positively,I'd view ${lm://Field/3} very positively,I'd view ${lm://Field/3} very positively,I'd view ${lm://Field/3} very positively,I'd view ${lm://Field/3} very positively,I'd view ${lm://Field/3} very positively,I'd view ${lm://Field/3} very positively,I'd view ${lm://Field/3} very positively,I'd view ${lm://Field/3} very positively,I'd view ${lm://Field/3} very positively,I'd view ${lm://Field/3} very positively,I'd view ${lm://Field/3} very positively,I'd view ${lm://Field/3} very positively,I'd view ${lm://Field/3} very positively,44,issues of geography,,990538
2018-01-26 21:11:44,2018-01-26 21:14:20,IP Address,128.171.41.14,100,155,True,2018-01-26 21:14:21,R_DbLGI6XBj3mOMVz,,,,,21.306900024414,-157.85830688477,anonymous,EN,I have read the above information and agree to participate,Female,,,,,,,,,,,,,,,,,,,,,,,,,,,,,,,,,,,,,,,,,,,,,,,,,,,,,,,,,,,,,,,,,,,,,,,,,,,,,,,,4,4,5,6,5,4,4,I'd view ${lm://Field/3} very positively,6,5,4,4,4,4,5,4,4,5,6,4,4,5,I'd view ${lm://Field/3} very positively,5,4,18,issues of geography,,633071
2018-01-26 21:11:58,2018-01-26 21:18:03,IP Address,128.171.41.13,100,365,True,2018-01-26 21:18:03,R_2cwQ6MeNZVgnYaR,,,,,21.306900024414,-157.85830688477,anonymous,EN,I have read the above information and agree to participate,Female,,,,,,,,,,,,,,,,,,,,,,,,,,,,6,4,5,6,5,6,4,5,4,4,3,4,5,5,5,4,4,5,5,2,3,5,3,4,5,,,,,,,,,,,,,,,,,,,,,,,,,,,,,,,,,,,,,,,,,,,,,,,,,,,,,37,issues of geography,"that last question, was I suppose to do as I was instructed to do or answer the question?",829584
