"Male - Next, we will ask you to imagine a number of hypothetical situations. We ask you to indicate how much shame you would feel if you were in the those situations. 

	 

	Please imagine each situation as vividly as you can and answer as honestly and accurately as possible.","Male - You are single. You
have a promiscuous sexual life with [Field-6].","Male - You were in an accident
and your face was permanently disfigured.","Male - At the wedding
of an acquaintance, you are discovered cheating on your [Field-7] with a food server.",Male - You look ten years older than you are.,"Male - You host your
extended family for a holiday meal, but you burn the food.",Male - Your [Field-7] makes more money than you do.,Male - You do a bad job taking care of your children.,Male - You cannot support your children economically.,"Male - You receive welfare
money from the government because you cannot financially support your family.","Male - Everyone discovers
that you are sexually unfaithful to your [Field-7].","Male - Everyone discovers
that your [Field-7] is sexually unfaithful to you.","Male - You are playing
a throwing game with your friends. All your throws miss the target by a wide
margin.","Male - You come from a very
poor family with low status and no connections.","Male - Your brother stole money from a stranger.  

	 

	How much shame would you feel about your brother stealing money from the stranger?","Male - Your brother stole money from a stranger. As soon as you found out about that, you reported him to the police.



How much shame would you feel about reporting your brother to the police?","Male - You are not very
smart.","Male - Your father defrauded
a foreign company.","Male - You dropped out of
school much earlier than others.","Male - You have poor table
manners.","Male - You stole goods
from a shop owned by a foreign merchant.","Male - You stole goods from
a shop owned by your neighbor.","Male - You have no idea how
to load or fire a gun.","Male - An acquaintance is inappropriately
flirting with your [Field-7] in front of
everybody. Because you’re too scared to pick a fight with your rival you remain
silent without doing or saying anything.","Male - You get into a fight in
front of everybody and your opponent completely dominates you with punch after
punch until you’re knocked out.","Male - You are performing a
ceremony in front of your community. In the middle of it, your mind goes blank
and you forget what to do next.",Male - You are not physically attractive.,Male - You are poor.,Male - You are not generous with others.,Male - You are not very ambitious.,condition
,3,2,6,no shame at all,3,no shame at all,6,6,3,6,4,4,no shame at all,6,4,3,3,4,4,6,6,4,5,5,3,2,2,6,3,0
,4,5,6,2,3,2,6,5,5,a lot of shame,2,3,2,5,2,3,3,a lot of shame,3,6,6,2,6,4,6,3,4,3,2,0
,5,5,a lot of shame,5,4,no shame at all,a lot of shame,a lot of shame,5,a lot of shame,a lot of shame,2,5,a lot of shame,4,6,5,a lot of shame,4,5,6,no shame at all,a lot of shame,a lot of shame,4,5,5,4,a lot of shame,0
,no shame at all,5,5,4,6,no shame at all,a lot of shame,a lot of shame,2,5,5,2,5,3,a lot of shame,4,5,6,6,5,6,2,5,5,5,4,4,4,4,0
,4,2,a lot of shame,2,no shame at all,no shame at all,a lot of shame,6,2,a lot of shame,a lot of shame,3,2,5,no shame at all,3,5,5,no shame at all,5,5,no shame at all,4,4,5,2,2,3,4,0
,no shame at all,a lot of shame,a lot of shame,3,5,no shame at all,a lot of shame,a lot of shame,3,6,3,a lot of shame,3,3,6,a lot of shame,no shame at all,6,2,2,6,no shame at all,5,6,5,a lot of shame,no shame at all,3,5,0
,4,4,a lot of shame,no shame at all,no shame at all,no shame at all,a lot of shame,a lot of shame,no shame at all,a lot of shame,a lot of shame,4,no shame at all,a lot of shame,4,4,a lot of shame,6,a lot of shame,a lot of shame,a lot of shame,no shame at all,6,5,a lot of shame,4,no shame at all,a lot of shame,5,0
,4,2,a lot of shame,4,5,6,a lot of shame,6,2,a lot of shame,2,5,3,5,3,3,4,6,5,a lot of shame,a lot of shame,5,a lot of shame,a lot of shame,a lot of shame,6,6,a lot of shame,6,0
,4,no shame at all,a lot of shame,no shame at all,2,no shame at all,4,no shame at all,no shame at all,a lot of shame,no shame at all,2,no shame at all,no shame at all,no shame at all,no shame at all,no shame at all,no shame at all,no shame at all,a lot of shame,a lot of shame,no shame at all,no shame at all,no shame at all,no shame at all,no shame at all,no shame at all,no shame at all,no shame at all,0
,3,a lot of shame,a lot of shame,5,3,no shame at all,a lot of shame,a lot of shame,no shame at all,a lot of shame,a lot of shame,3,no shame at all,5,a lot of shame,a lot of shame,3,no shame at all,a lot of shame,a lot of shame,a lot of shame,no shame at all,a lot of shame,6,3,6,no shame at all,6,a lot of shame,0
,3,5,6,4,5,5,5,6,a lot of shame,6,a lot of shame,6,no shame at all,5,a lot of shame,2,6,5,6,6,6,5,a lot of shame,a lot of shame,6,6,2,5,6,0
,2,2,a lot of shame,2,5,2,a lot of shame,a lot of shame,6,6,3,5,no shame at all,4,4,3,3,a lot of shame,5,5,6,3,a lot of shame,a lot of shame,6,4,2,6,5,0
,3,5,a lot of shame,3,4,no shame at all,a lot of shame,5,3,5,5,3,4,5,no shame at all,3,3,a lot of shame,5,a lot of shame,a lot of shame,5,5,6,5,4,5,a lot of shame,4,0
,no shame at all,6,a lot of shame,a lot of shame,a lot of shame,2,4,a lot of shame,6,a lot of shame,a lot of shame,no shame at all,no shame at all,2,a lot of shame,5,4,4,6,5,3,a lot of shame,a lot of shame,no shame at all,5,no shame at all,5,a lot of shame,a lot of shame,0
,5,2,a lot of shame,2,3,2,6,6,6,a lot of shame,3,no shame at all,3,6,no shame at all,a lot of shame,4,a lot of shame,5,6,6,no shame at all,2,4,6,5,5,4,2,0
"Female - Next, we will ask you to imagine a number of hypothetical situations. We ask you to indicate how much shame you would feel if you were in the those situations. 

	 

	Please imagine each situation as vividly as you can and answer as honestly and accurately as possible.","Female - You are single. You
have a promiscuous sexual life with [Field-6].","Female - You were in an accident
and your face was permanently disfigured.","Female - At the wedding
of an acquaintance, you are discovered cheating on your [Field-7] with a food server.",Female - You look ten years older than you are.,"Female - You host your
extended family for a holiday meal, but you burn the food.",Female - Your [Field-7] makes more money than you do.,Female - You do a bad job taking care of your children.,Female - You cannot support your children economically.,"Female - You receive welfare
money from the government because you cannot financially support your family.","Female - Everyone discovers
that you are sexually unfaithful to your [Field-7].","Female - Everyone discovers
that your [Field-7] is sexually unfaithful to you.","Female - You are playing
a throwing game with your friends. All your throws miss the target by a wide
margin.","Female - You come from a very
poor family with low status and no connections.","Female - Your brother stole money from a stranger.  

	 

	How much shame would you feel about your brother stealing money from the stranger?","Female - Your brother stole money from a stranger. As soon as you found out about that, you reported him to the police.



How much shame would you feel about reporting your brother to the police?","Female - You are not very
smart.","Female - Your father defrauded
a foreign company.","Female - You dropped out of
school much earlier than others.","Female - You have poor table
manners.","Female - You stole goods
from a shop owned by a foreign merchant.","Female - You stole goods from
a shop owned by your neighbor.","Female - You have no idea how
to load or fire a gun.","Female - An acquaintance is inappropriately
flirting with your [Field-7] in front of
everybody. Because you’re too scared to pick a fight with your rival you remain
silent without doing or saying anything.","Female - You get into a fight in
front of everybody and your opponent completely dominates you with punch after
punch until you’re knocked out.","Female - You are performing a
ceremony in front of your community. In the middle of it, your mind goes blank
and you forget what to do next.",Female - You are not physically attractive.,Female - You are poor.,Female - You are not generous with others.,Female - You are not very ambitious.,0
,2,5,6,6,3,2,6,6,5,a lot of shame,6,6,3,5,5,4,6,4,3,5,6,2,6,6,4,5,4,6,5,0
,2,a lot of shame,a lot of shame,4,6,4,a lot of shame,6,5,6,6,4,4,6,2,6,5,6,6,a lot of shame,6,no shame at all,a lot of shame,a lot of shame,a lot of shame,a lot of shame,5,6,6,0
,a lot of shame,a lot of shame,a lot of shame,a lot of shame,5,6,a lot of shame,a lot of shame,a lot of shame,a lot of shame,a lot of shame,5,a lot of shame,a lot of shame,5,a lot of shame,a lot of shame,a lot of shame,5,5,a lot of shame,no shame at all,a lot of shame,a lot of shame,a lot of shame,a lot of shame,a lot of shame,a lot of shame,6,0
,no shame at all,4,a lot of shame,6,6,2,a lot of shame,a lot of shame,4,5,6,5,6,5,5,5,4,4,5,5,6,no shame at all,3,6,5,4,4,a lot of shame,2,0
,no shame at all,3,a lot of shame,2,2,2,5,3,3,a lot of shame,5,2,no shame at all,5,4,2,no shame at all,6,2,a lot of shame,a lot of shame,2,4,2,2,2,2,5,4,0
,4,6,a lot of shame,5,4,4,a lot of shame,a lot of shame,5,a lot of shame,a lot of shame,5,4,6,6,5,6,5,6,a lot of shame,a lot of shame,3,a lot of shame,a lot of shame,a lot of shame,5,4,5,4,0
,2,a lot of shame,a lot of shame,5,5,3,6,a lot of shame,5,6,5,5,4,5,6,5,6,6,6,6,6,3,6,6,6,a lot of shame,4,a lot of shame,6,0
,no shame at all,4,2,3,5,3,a lot of shame,a lot of shame,5,no shame at all,3,no shame at all,3,3,2,4,3,3,4,3,3,no shame at all,no shame at all,3,4,5,4,3,3,0
,a lot of shame,6,a lot of shame,no shame at all,5,no shame at all,a lot of shame,a lot of shame,4,a lot of shame,a lot of shame,5,4,a lot of shame,4,5,a lot of shame,a lot of shame,4,a lot of shame,a lot of shame,2,5,a lot of shame,a lot of shame,5,4,5,5,0
,6,a lot of shame,a lot of shame,no shame at all,5,2,a lot of shame,a lot of shame,a lot of shame,a lot of shame,a lot of shame,no shame at all,no shame at all,5,a lot of shame,2,4,3,a lot of shame,5,a lot of shame,no shame at all,a lot of shame,a lot of shame,a lot of shame,a lot of shame,2,3,6,0
,no shame at all,2,a lot of shame,a lot of shame,4,no shame at all,a lot of shame,3,3,a lot of shame,a lot of shame,5,4,a lot of shame,4,3,a lot of shame,6,5,a lot of shame,a lot of shame,no shame at all,a lot of shame,6,a lot of shame,5,no shame at all,a lot of shame,a lot of shame,0
,4,a lot of shame,a lot of shame,6,6,no shame at all,a lot of shame,a lot of shame,6,a lot of shame,a lot of shame,2,5,a lot of shame,a lot of shame,5,a lot of shame,6,5,6,a lot of shame,no shame at all,a lot of shame,a lot of shame,5,6,6,a lot of shame,5,0
,4,4,a lot of shame,5,6,4,6,a lot of shame,5,6,4,2,5,6,a lot of shame,4,4,4,4,a lot of shame,a lot of shame,3,a lot of shame,6,5,4,5,6,3,0
,3,a lot of shame,a lot of shame,6,a lot of shame,no shame at all,a lot of shame,6,5,a lot of shame,6,no shame at all,6,6,6,5,no shame at all,a lot of shame,5,a lot of shame,a lot of shame,no shame at all,5,5,5,a lot of shame,6,a lot of shame,5,0
,3,5,a lot of shame,3,5,no shame at all,a lot of shame,6,3,a lot of shame,a lot of shame,5,no shame at all,4,a lot of shame,5,a lot of shame,2,6,4,3,no shame at all,a lot of shame,6,6,2,2,3,4,0
,no shame at all,a lot of shame,a lot of shame,2,2,no shame at all,a lot of shame,a lot of shame,2,a lot of shame,a lot of shame,no shame at all,4,6,a lot of shame,4,a lot of shame,3,2,a lot of shame,a lot of shame,no shame at all,5,a lot of shame,a lot of shame,4,2,a lot of shame,a lot of shame,0
,no shame at all,4,a lot of shame,no shame at all,no shame at all,no shame at all,a lot of shame,a lot of shame,4,a lot of shame,a lot of shame,no shame at all,4,3,a lot of shame,a lot of shame,5,5,3,a lot of shame,a lot of shame,no shame at all,4,a lot of shame,no shame at all,no shame at all,a lot of shame,6,3,0
,no shame at all,a lot of shame,a lot of shame,no shame at all,4,no shame at all,a lot of shame,a lot of shame,no shame at all,a lot of shame,no shame at all,3,no shame at all,a lot of shame,3,2,a lot of shame,6,a lot of shame,a lot of shame,a lot of shame,no shame at all,5,a lot of shame,6,3,no shame at all,5,5,0
,a lot of shame,a lot of shame,a lot of shame,a lot of shame,a lot of shame,4,a lot of shame,a lot of shame,4,a lot of shame,5,a lot of shame,6,6,5,a lot of shame,6,a lot of shame,6,a lot of shame,6,2,a lot of shame,a lot of shame,6,5,6,a lot of shame,5,0
,3,a lot of shame,a lot of shame,4,6,5,a lot of shame,a lot of shame,a lot of shame,5,6,5,5,5,a lot of shame,6,5,a lot of shame,3,6,5,no shame at all,5,a lot of shame,a lot of shame,5,6,5,a lot of shame,0
,no shame at all,a lot of shame,a lot of shame,a lot of shame,6,no shame at all,a lot of shame,a lot of shame,a lot of shame,a lot of shame,a lot of shame,4,no shame at all,a lot of shame,2,a lot of shame,a lot of shame,a lot of shame,a lot of shame,a lot of shame,a lot of shame,no shame at all,a lot of shame,a lot of shame,4,a lot of shame,4,5,a lot of shame,0
,6,6,a lot of shame,6,a lot of shame,3,a lot of shame,a lot of shame,6,a lot of shame,a lot of shame,5,5,a lot of shame,5,a lot of shame,4,a lot of shame,5,a lot of shame,a lot of shame,4,6,6,a lot of shame,6,6,6,6,0
,no shame at all,4,5,2,a lot of shame,no shame at all,a lot of shame,6,no shame at all,6,a lot of shame,5,3,a lot of shame,6,a lot of shame,5,a lot of shame,a lot of shame,6,5,no shame at all,a lot of shame,a lot of shame,a lot of shame,5,3,a lot of shame,6,0
,no shame at all,a lot of shame,a lot of shame,4,a lot of shame,no shame at all,4,a lot of shame,a lot of shame,a lot of shame,a lot of shame,2,no shame at all,a lot of shame,4,3,6,6,a lot of shame,a lot of shame,a lot of shame,no shame at all,5,a lot of shame,4,6,4,a lot of shame,5,0
,no shame at all,6,a lot of shame,5,2,no shame at all,a lot of shame,a lot of shame,3,a lot of shame,5,no shame at all,2,a lot of shame,5,6,6,3,5,a lot of shame,a lot of shame,no shame at all,6,4,6,3,4,a lot of shame,5,0
,no shame at all,6,a lot of shame,5,2,6,a lot of shame,a lot of shame,no shame at all,6,a lot of shame,5,6,no shame at all,a lot of shame,a lot of shame,no shame at all,no shame at all,no shame at all,no shame at all,a lot of shame,a lot of shame,a lot of shame,a lot of shame,3,6,4,6,5,0
,a lot of shame,6,a lot of shame,no shame at all,4,no shame at all,a lot of shame,a lot of shame,a lot of shame,a lot of shame,a lot of shame,no shame at all,no shame at all,a lot of shame,no shame at all,no shame at all,a lot of shame,a lot of shame,a lot of shame,a lot of shame,a lot of shame,no shame at all,5,a lot of shame,no shame at all,a lot of shame,no shame at all,a lot of shame,no shame at all,0
,3,4,a lot of shame,3,2,no shame at all,a lot of shame,5,no shame at all,a lot of shame,2,a lot of shame,3,3,a lot of shame,a lot of shame,5,a lot of shame,6,6,6,4,6,a lot of shame,6,3,2,3,6,0
,a lot of shame,5,a lot of shame,4,3,2,5,5,2,4,a lot of shame,4,4,4,4,3,4,2,4,5,6,no shame at all,4,5,3,3,3,5,4,0
"Male - Next, we will ask you to imagine a number of hypothetical situations. Imagine that those situations happen to someone of your same sex and age. We ask you to indicate how you would view this person if they were in those situations. 

	 
Please imagine each situation as vividly as you can and answer as honestly and accurately as possible.",Male - [Field-3] is single. [Field-3] has a promiscuous sexual life with [Field-6].,Male - [Field-3] was in an accident and [Field-4] face was permanently disfigured.,"Male - At the wedding of an
acquaintance, [Field-2] is discovered cheating on [Field-4] [Field-7] with a food server.",Male - [Field-3] looks ten years older than [Field-2] is.,"Male - [Field-3] hosts [Field-4] extended family for a holiday meal, but [Field-2] burns the food.",Male - [Field-8] [Field-7] makes more money than [Field-2] does.,Male - [Field-3] does a bad job taking care of [Field-4] children.,Male - [Field-3] cannot support [Field-4] children economically.,"Male - [Field-3] receives welfare
money from the government because [Field-2]
cannot financially support [Field-4] family.","Male - Everyone discovers
that [Field-2] is sexually unfaithful to [Field-4] [Field-7].","Male - Everyone discovers
that [Field-4] [Field-7] is
sexually unfaithful to [Field-5].","Male - [Field-3] is playing a
throwing game with [Field-4] friends. All [Field-4] throws miss the target by a wide margin.","Male - [Field-3] comes from a very
poor family with low status and no connections.","Male - [Field-8] brother stole money from a stranger.



How negatively would you view [Field-5] due to [Field-4] brother stealing money from the stranger?","Male - [Field-8] brother stole money from a stranger. As soon as [Field-2] found out about that, [Field-2] reported him to the police.  



How negatively would you view [Field-5] due to [Field-4] reporting [Field-4] brother to the police?",Male - [Field-3] is not very smart.,"Male - [Field-8] father defrauded a
foreign company.","Male - [Field-3] dropped out of
school much earlier than others.","Male - [Field-3] has poor table
manners.","Male - [Field-3] stole goods from a
shop owned by a foreign merchant.","Male - [Field-3] stole goods from a
shop owned by [Field-4] neighbor.","Male - [Field-3] has no idea how to
load or fire a gun.","Male - Somebody is inappropriately
flirting with [Field-4] [Field-7] in
front of everybody. Because [Field-2]’s too scared to pick a
fight with [Field-4] rival [Field-2]
remains silent without doing or saying anything.","Male - [Field-3] gets into a fight in
front of everybody and [Field-4] opponent completely
dominates [Field-5] with punch after punch until [Field-2]’s knocked out.","Male - [Field-3] is performing a
ceremony in front of [Field-4] community. In the middle
of it, [Field-4] mind goes blank and [Field-2] forgets what to do next.",Male - [Field-3] is not physically attractive.,Male - [Field-3] is poor.,Male - [Field-3] is not generous with others.,Male - [Field-3] is not very ambitious.,0
,I wouldn't view ${lm://Field/5} negatively at all,I wouldn't view ${lm://Field/5} negatively at all,I'd view ${lm://Field/5} very negatively,I wouldn't view ${lm://Field/5} negatively at all,I wouldn't view ${lm://Field/5} negatively at all,I wouldn't view ${lm://Field/5} negatively at all,6,I wouldn't view ${lm://Field/5} negatively at all,I wouldn't view ${lm://Field/5} negatively at all,I'd view ${lm://Field/5} very negatively,I wouldn't view ${lm://Field/5} negatively at all,I wouldn't view ${lm://Field/5} negatively at all,I wouldn't view ${lm://Field/5} negatively at all,I wouldn't view ${lm://Field/5} negatively at all,I wouldn't view ${lm://Field/5} negatively at all,I wouldn't view ${lm://Field/5} negatively at all,I wouldn't view ${lm://Field/5} negatively at all,I wouldn't view ${lm://Field/5} negatively at all,I wouldn't view ${lm://Field/5} negatively at all,4,4,I wouldn't view ${lm://Field/5} negatively at all,I wouldn't view ${lm://Field/5} negatively at all,I wouldn't view ${lm://Field/5} negatively at all,I wouldn't view ${lm://Field/5} negatively at all,I wouldn't view ${lm://Field/5} negatively at all,I wouldn't view ${lm://Field/5} negatively at all,3,I wouldn't view ${lm://Field/5} negatively at all,1
,4,I wouldn't view ${lm://Field/5} negatively at all,3,I wouldn't view ${lm://Field/5} negatively at all,2,6,4,5,I wouldn't view ${lm://Field/5} negatively at all,4,5,2,2,4,4,2,3,6,6,I'd view ${lm://Field/5} very negatively,6,3,I'd view ${lm://Field/5} very negatively,I'd view ${lm://Field/5} very negatively,3,2,I wouldn't view ${lm://Field/5} negatively at all,2,3,1
,2,I wouldn't view ${lm://Field/5} negatively at all,I'd view ${lm://Field/5} very negatively,I wouldn't view ${lm://Field/5} negatively at all,I wouldn't view ${lm://Field/5} negatively at all,I wouldn't view ${lm://Field/5} negatively at all,I'd view ${lm://Field/5} very negatively,4,I wouldn't view ${lm://Field/5} negatively at all,I'd view ${lm://Field/5} very negatively,I wouldn't view ${lm://Field/5} negatively at all,I wouldn't view ${lm://Field/5} negatively at all,2,I wouldn't view ${lm://Field/5} negatively at all,6,I wouldn't view ${lm://Field/5} negatively at all,4,5,6,4,6,I wouldn't view ${lm://Field/5} negatively at all,6,3,I wouldn't view ${lm://Field/5} negatively at all,I wouldn't view ${lm://Field/5} negatively at all,2,6,6,1
,I wouldn't view ${lm://Field/5} negatively at all,4,I'd view ${lm://Field/5} very negatively,3,3,3,I'd view ${lm://Field/5} very negatively,3,I wouldn't view ${lm://Field/5} negatively at all,3,5,I wouldn't view ${lm://Field/5} negatively at all,5,5,I wouldn't view ${lm://Field/5} negatively at all,3,5,I wouldn't view ${lm://Field/5} negatively at all,5,3,I'd view ${lm://Field/5} very negatively,5,I'd view ${lm://Field/5} very negatively,3,I wouldn't view ${lm://Field/5} negatively at all,3,3,5,3,1
,I wouldn't view ${lm://Field/5} negatively at all,3,I'd view ${lm://Field/5} very negatively,I wouldn't view ${lm://Field/5} negatively at all,2,I wouldn't view ${lm://Field/5} negatively at all,6,3,2,I'd view ${lm://Field/5} very negatively,2,5,2,3,3,3,3,6,5,5,I'd view ${lm://Field/5} very negatively,3,5,5,3,2,4,5,3,1
,I'd view ${lm://Field/5} very negatively,I'd view ${lm://Field/5} very negatively,I'd view ${lm://Field/5} very negatively,I wouldn't view ${lm://Field/5} negatively at all,I'd view ${lm://Field/5} very negatively,I'd view ${lm://Field/5} very negatively,I'd view ${lm://Field/5} very negatively,4,I'd view ${lm://Field/5} very negatively,I'd view ${lm://Field/5} very negatively,I'd view ${lm://Field/5} very negatively,I wouldn't view ${lm://Field/5} negatively at all,4,I'd view ${lm://Field/5} very negatively,I'd view ${lm://Field/5} very negatively,4,4,I'd view ${lm://Field/5} very negatively,I'd view ${lm://Field/5} very negatively,I'd view ${lm://Field/5} very negatively,I'd view ${lm://Field/5} very negatively,I wouldn't view ${lm://Field/5} negatively at all,I'd view ${lm://Field/5} very negatively,I'd view ${lm://Field/5} very negatively,3,I wouldn't view ${lm://Field/5} negatively at all,I wouldn't view ${lm://Field/5} negatively at all,I'd view ${lm://Field/5} very negatively,4,1
,I wouldn't view ${lm://Field/5} negatively at all,I wouldn't view ${lm://Field/5} negatively at all,6,I wouldn't view ${lm://Field/5} negatively at all,I wouldn't view ${lm://Field/5} negatively at all,I wouldn't view ${lm://Field/5} negatively at all,2,I wouldn't view ${lm://Field/5} negatively at all,I wouldn't view ${lm://Field/5} negatively at all,5,I wouldn't view ${lm://Field/5} negatively at all,I wouldn't view ${lm://Field/5} negatively at all,I wouldn't view ${lm://Field/5} negatively at all,I wouldn't view ${lm://Field/5} negatively at all,5,2,4,3,2,5,3,I wouldn't view ${lm://Field/5} negatively at all,2,I wouldn't view ${lm://Field/5} negatively at all,I wouldn't view ${lm://Field/5} negatively at all,I wouldn't view ${lm://Field/5} negatively at all,I wouldn't view ${lm://Field/5} negatively at all,3,I wouldn't view ${lm://Field/5} negatively at all,1
,4,4,6,4,6,5,5,6,5,6,6,4,5,I'd view ${lm://Field/5} very negatively,6,5,6,I'd view ${lm://Field/5} very negatively,5,I'd view ${lm://Field/5} very negatively,6,4,4,6,4,4,4,4,5,1
,4,I wouldn't view ${lm://Field/5} negatively at all,I'd view ${lm://Field/5} very negatively,3,4,I wouldn't view ${lm://Field/5} negatively at all,6,4,3,6,I wouldn't view ${lm://Field/5} negatively at all,2,I wouldn't view ${lm://Field/5} negatively at all,4,I wouldn't view ${lm://Field/5} negatively at all,3,I wouldn't view ${lm://Field/5} negatively at all,4,4,6,6,I wouldn't view ${lm://Field/5} negatively at all,5,3,3,I wouldn't view ${lm://Field/5} negatively at all,2,5,4,1
,4,I wouldn't view ${lm://Field/5} negatively at all,I'd view ${lm://Field/5} very negatively,I wouldn't view ${lm://Field/5} negatively at all,I wouldn't view ${lm://Field/5} negatively at all,I wouldn't view ${lm://Field/5} negatively at all,5,5,I wouldn't view ${lm://Field/5} negatively at all,5,I wouldn't view ${lm://Field/5} negatively at all,I wouldn't view ${lm://Field/5} negatively at all,I wouldn't view ${lm://Field/5} negatively at all,I wouldn't view ${lm://Field/5} negatively at all,I'd view ${lm://Field/5} very negatively,4,I wouldn't view ${lm://Field/5} negatively at all,I wouldn't view ${lm://Field/5} negatively at all,5,6,I'd view ${lm://Field/5} very negatively,I wouldn't view ${lm://Field/5} negatively at all,4,4,I wouldn't view ${lm://Field/5} negatively at all,I wouldn't view ${lm://Field/5} negatively at all,I wouldn't view ${lm://Field/5} negatively at all,I'd view ${lm://Field/5} very negatively,I wouldn't view ${lm://Field/5} negatively at all,1
,5,I wouldn't view ${lm://Field/5} negatively at all,I wouldn't view ${lm://Field/5} negatively at all,I wouldn't view ${lm://Field/5} negatively at all,I wouldn't view ${lm://Field/5} negatively at all,I wouldn't view ${lm://Field/5} negatively at all,I'd view ${lm://Field/5} very negatively,I wouldn't view ${lm://Field/5} negatively at all,I wouldn't view ${lm://Field/5} negatively at all,5,I wouldn't view ${lm://Field/5} negatively at all,I wouldn't view ${lm://Field/5} negatively at all,I wouldn't view ${lm://Field/5} negatively at all,I wouldn't view ${lm://Field/5} negatively at all,I wouldn't view ${lm://Field/5} negatively at all,I wouldn't view ${lm://Field/5} negatively at all,I wouldn't view ${lm://Field/5} negatively at all,I wouldn't view ${lm://Field/5} negatively at all,5,I'd view ${lm://Field/5} very negatively,I'd view ${lm://Field/5} very negatively,I wouldn't view ${lm://Field/5} negatively at all,4,6,I wouldn't view ${lm://Field/5} negatively at all,I wouldn't view ${lm://Field/5} negatively at all,I wouldn't view ${lm://Field/5} negatively at all,I wouldn't view ${lm://Field/5} negatively at all,4,1
,I wouldn't view ${lm://Field/5} negatively at all,2,4,2,4,I wouldn't view ${lm://Field/5} negatively at all,5,5,I wouldn't view ${lm://Field/5} negatively at all,5,5,3,I wouldn't view ${lm://Field/5} negatively at all,I wouldn't view ${lm://Field/5} negatively at all,I'd view ${lm://Field/5} very negatively,3,I wouldn't view ${lm://Field/5} negatively at all,3,5,5,6,I wouldn't view ${lm://Field/5} negatively at all,I'd view ${lm://Field/5} very negatively,5,2,3,2,5,I'd view ${lm://Field/5} very negatively,1
"Female - Next, we will ask you to imagine a number of hypothetical situations. Imagine that those situations happen to someone of your same sex and age. We ask you to indicate how you would view this person if they were in those situations. 

	 
Please imagine each situation as vividly as you can and answer as honestly and accurately as possible.",Female - [Field-3] is single. [Field-3] has a promiscuous sexual life with [Field-6].,Female - [Field-3] was in an accident and [Field-4] face was permanently disfigured.,"Female - At the wedding of an
acquaintance, [Field-2] is discovered cheating on [Field-4] [Field-7] with a food server.",Female - [Field-3] looks ten years older than [Field-2] is.,"Female - [Field-3] hosts [Field-4] extended family for a holiday meal, but [Field-2] burns the food.",Female - [Field-8] [Field-7] makes more money than [Field-2] does.,Female - [Field-3] does a bad job taking care of [Field-4] children.,Female - [Field-3] cannot support [Field-4] children economically.,"Female - [Field-3] receives welfare
money from the government because [Field-2]
cannot financially support [Field-4] family.","Female - Everyone discovers
that [Field-2] is sexually unfaithful to [Field-4] [Field-7].","Female - Everyone discovers
that [Field-4] [Field-7] is
sexually unfaithful to [Field-5].","Female - [Field-3] is playing a
throwing game with [Field-4] friends. All [Field-4] throws miss the target by a wide margin.","Female - [Field-3] comes from a very
poor family with low status and no connections.","Female - [Field-8] brother stole money from a stranger.



How negatively would you view [Field-5] due to [Field-4] brother stealing money from the stranger?","Female - [Field-8] brother stole money from a stranger. As soon as [Field-2] found out about that, [Field-2] reported him to the police.  



How negatively would you view [Field-5] due to [Field-4] reporting [Field-4] brother to the police?",Female - [Field-3] is not very smart.,"Female - [Field-8] father defrauded a
foreign company.","Female - [Field-3] dropped out of
school much earlier than others.","Female - [Field-3] has poor table
manners.","Female - [Field-3] stole goods from a
shop owned by a foreign merchant.","Female - [Field-3] stole goods from a
shop owned by [Field-4] neighbor.","Female - [Field-3] has no idea how to
load or fire a gun.","Female - Somebody is inappropriately
flirting with [Field-4] [Field-7] in
front of everybody. Because [Field-2]’s too scared to pick a
fight with [Field-4] rival [Field-2]
remains silent without doing or saying anything.","Female - [Field-3] gets into a fight in
front of everybody and [Field-4] opponent completely
dominates [Field-5] with punch after punch until [Field-2]’s knocked out.","Female - [Field-3] is performing a
ceremony in front of [Field-4] community. In the middle
of it, [Field-4] mind goes blank and [Field-2] forgets what to do next.",Female - [Field-3] is not physically attractive.,Female - [Field-3] is poor.,Female - [Field-3] is not generous with others.,Female - [Field-3] is not very ambitious.,1
,4,2,I'd view ${lm://Field/5} very negatively,I wouldn't view ${lm://Field/5} negatively at all,2,I wouldn't view ${lm://Field/5} negatively at all,5,I wouldn't view ${lm://Field/5} negatively at all,I wouldn't view ${lm://Field/5} negatively at all,I'd view ${lm://Field/5} very negatively,2,2,2,I wouldn't view ${lm://Field/5} negatively at all,3,I wouldn't view ${lm://Field/5} negatively at all,2,3,4,6,I'd view ${lm://Field/5} very negatively,I wouldn't view ${lm://Field/5} negatively at all,2,2,2,I wouldn't view ${lm://Field/5} negatively at all,I wouldn't view ${lm://Field/5} negatively at all,5,2,1
,I wouldn't view ${lm://Field/5} negatively at all,I wouldn't view ${lm://Field/5} negatively at all,I'd view ${lm://Field/5} very negatively,4,I wouldn't view ${lm://Field/5} negatively at all,4,4,4,I wouldn't view ${lm://Field/5} negatively at all,I'd view ${lm://Field/5} very negatively,I wouldn't view ${lm://Field/5} negatively at all,4,I wouldn't view ${lm://Field/5} negatively at all,4,4,4,4,I wouldn't view ${lm://Field/5} negatively at all,4,I'd view ${lm://Field/5} very negatively,I'd view ${lm://Field/5} very negatively,I wouldn't view ${lm://Field/5} negatively at all,4,4,4,4,I wouldn't view ${lm://Field/5} negatively at all,3,4,1
,5,I wouldn't view ${lm://Field/5} negatively at all,I'd view ${lm://Field/5} very negatively,2,3,I wouldn't view ${lm://Field/5} negatively at all,I'd view ${lm://Field/5} very negatively,6,3,I'd view ${lm://Field/5} very negatively,I wouldn't view ${lm://Field/5} negatively at all,2,2,I wouldn't view ${lm://Field/5} negatively at all,I wouldn't view ${lm://Field/5} negatively at all,2,2,6,5,I'd view ${lm://Field/5} very negatively,I'd view ${lm://Field/5} very negatively,I wouldn't view ${lm://Field/5} negatively at all,6,I wouldn't view ${lm://Field/5} negatively at all,2,6,I wouldn't view ${lm://Field/5} negatively at all,5,6,1
,I wouldn't view ${lm://Field/5} negatively at all,I wouldn't view ${lm://Field/5} negatively at all,I wouldn't view ${lm://Field/5} negatively at all,I wouldn't view ${lm://Field/5} negatively at all,4,I wouldn't view ${lm://Field/5} negatively at all,I'd view ${lm://Field/5} very negatively,4,5,I'd view ${lm://Field/5} very negatively,I wouldn't view ${lm://Field/5} negatively at all,I wouldn't view ${lm://Field/5} negatively at all,I wouldn't view ${lm://Field/5} negatively at all,2,4,2,3,5,2,5,5,3,4,I'd view ${lm://Field/5} very negatively,2,I wouldn't view ${lm://Field/5} negatively at all,I wouldn't view ${lm://Field/5} negatively at all,5,4,1
,I wouldn't view ${lm://Field/5} negatively at all,I wouldn't view ${lm://Field/5} negatively at all,6,I wouldn't view ${lm://Field/5} negatively at all,I wouldn't view ${lm://Field/5} negatively at all,I wouldn't view ${lm://Field/5} negatively at all,I'd view ${lm://Field/5} very negatively,3,I wouldn't view ${lm://Field/5} negatively at all,5,I wouldn't view ${lm://Field/5} negatively at all,I wouldn't view ${lm://Field/5} negatively at all,I wouldn't view ${lm://Field/5} negatively at all,I wouldn't view ${lm://Field/5} negatively at all,I wouldn't view ${lm://Field/5} negatively at all,I wouldn't view ${lm://Field/5} negatively at all,I wouldn't view ${lm://Field/5} negatively at all,2,2,I'd view ${lm://Field/5} very negatively,I'd view ${lm://Field/5} very negatively,I wouldn't view ${lm://Field/5} negatively at all,I wouldn't view ${lm://Field/5} negatively at all,I wouldn't view ${lm://Field/5} negatively at all,I wouldn't view ${lm://Field/5} negatively at all,I wouldn't view ${lm://Field/5} negatively at all,I wouldn't view ${lm://Field/5} negatively at all,6,2,1
,I wouldn't view ${lm://Field/5} negatively at all,I wouldn't view ${lm://Field/5} negatively at all,I'd view ${lm://Field/5} very negatively,I wouldn't view ${lm://Field/5} negatively at all,I wouldn't view ${lm://Field/5} negatively at all,I wouldn't view ${lm://Field/5} negatively at all,I'd view ${lm://Field/5} very negatively,I wouldn't view ${lm://Field/5} negatively at all,I wouldn't view ${lm://Field/5} negatively at all,I'd view ${lm://Field/5} very negatively,I wouldn't view ${lm://Field/5} negatively at all,I wouldn't view ${lm://Field/5} negatively at all,I wouldn't view ${lm://Field/5} negatively at all,I wouldn't view ${lm://Field/5} negatively at all,4,I wouldn't view ${lm://Field/5} negatively at all,I wouldn't view ${lm://Field/5} negatively at all,I wouldn't view ${lm://Field/5} negatively at all,2,I'd view ${lm://Field/5} very negatively,I'd view ${lm://Field/5} very negatively,I wouldn't view ${lm://Field/5} negatively at all,2,I wouldn't view ${lm://Field/5} negatively at all,I wouldn't view ${lm://Field/5} negatively at all,I wouldn't view ${lm://Field/5} negatively at all,I wouldn't view ${lm://Field/5} negatively at all,5,I wouldn't view ${lm://Field/5} negatively at all,1
,I wouldn't view ${lm://Field/5} negatively at all,I wouldn't view ${lm://Field/5} negatively at all,2,I wouldn't view ${lm://Field/5} negatively at all,I wouldn't view ${lm://Field/5} negatively at all,I wouldn't view ${lm://Field/5} negatively at all,3,I wouldn't view ${lm://Field/5} negatively at all,I wouldn't view ${lm://Field/5} negatively at all,3,I wouldn't view ${lm://Field/5} negatively at all,I wouldn't view ${lm://Field/5} negatively at all,I wouldn't view ${lm://Field/5} negatively at all,I wouldn't view ${lm://Field/5} negatively at all,I wouldn't view ${lm://Field/5} negatively at all,I wouldn't view ${lm://Field/5} negatively at all,3,I wouldn't view ${lm://Field/5} negatively at all,2,3,I wouldn't view ${lm://Field/5} negatively at all,I wouldn't view ${lm://Field/5} negatively at all,I wouldn't view ${lm://Field/5} negatively at all,I wouldn't view ${lm://Field/5} negatively at all,I wouldn't view ${lm://Field/5} negatively at all,I wouldn't view ${lm://Field/5} negatively at all,I wouldn't view ${lm://Field/5} negatively at all,4,I wouldn't view ${lm://Field/5} negatively at all,1
,I wouldn't view ${lm://Field/5} negatively at all,2,5,I wouldn't view ${lm://Field/5} negatively at all,I wouldn't view ${lm://Field/5} negatively at all,I wouldn't view ${lm://Field/5} negatively at all,6,I wouldn't view ${lm://Field/5} negatively at all,I wouldn't view ${lm://Field/5} negatively at all,5,I wouldn't view ${lm://Field/5} negatively at all,I wouldn't view ${lm://Field/5} negatively at all,I wouldn't view ${lm://Field/5} negatively at all,I wouldn't view ${lm://Field/5} negatively at all,I wouldn't view ${lm://Field/5} negatively at all,3,5,I wouldn't view ${lm://Field/5} negatively at all,2,6,6,I wouldn't view ${lm://Field/5} negatively at all,I wouldn't view ${lm://Field/5} negatively at all,2,2,3,I wouldn't view ${lm://Field/5} negatively at all,6,4,1
,2,3,I'd view ${lm://Field/5} very negatively,4,I wouldn't view ${lm://Field/5} negatively at all,I wouldn't view ${lm://Field/5} negatively at all,I'd view ${lm://Field/5} very negatively,2,4,I'd view ${lm://Field/5} very negatively,I wouldn't view ${lm://Field/5} negatively at all,I wouldn't view ${lm://Field/5} negatively at all,2,I wouldn't view ${lm://Field/5} negatively at all,2,5,I wouldn't view ${lm://Field/5} negatively at all,4,6,I'd view ${lm://Field/5} very negatively,I'd view ${lm://Field/5} very negatively,I wouldn't view ${lm://Field/5} negatively at all,6,4,3,2,2,6,5,1
,2,2,6,4,4,I wouldn't view ${lm://Field/5} negatively at all,5,2,I wouldn't view ${lm://Field/5} negatively at all,6,2,I wouldn't view ${lm://Field/5} negatively at all,2,I wouldn't view ${lm://Field/5} negatively at all,2,I wouldn't view ${lm://Field/5} negatively at all,2,2,5,6,6,I wouldn't view ${lm://Field/5} negatively at all,I wouldn't view ${lm://Field/5} negatively at all,2,I wouldn't view ${lm://Field/5} negatively at all,3,2,5,4,1
,2,2,6,5,4,I wouldn't view ${lm://Field/5} negatively at all,I'd view ${lm://Field/5} very negatively,5,2,6,3,2,2,2,5,2,2,6,3,6,6,2,5,6,2,2,2,5,5,1
,I'd view ${lm://Field/5} very negatively,I wouldn't view ${lm://Field/5} negatively at all,I'd view ${lm://Field/5} very negatively,2,2,I wouldn't view ${lm://Field/5} negatively at all,4,3,I wouldn't view ${lm://Field/5} negatively at all,I'd view ${lm://Field/5} very negatively,I wouldn't view ${lm://Field/5} negatively at all,I wouldn't view ${lm://Field/5} negatively at all,I wouldn't view ${lm://Field/5} negatively at all,5,3,I wouldn't view ${lm://Field/5} negatively at all,4,4,5,5,4,I wouldn't view ${lm://Field/5} negatively at all,4,6,I wouldn't view ${lm://Field/5} negatively at all,I wouldn't view ${lm://Field/5} negatively at all,I wouldn't view ${lm://Field/5} negatively at all,4,2,1
,5,3,I'd view ${lm://Field/5} very negatively,4,4,4,6,4,3,I'd view ${lm://Field/5} very negatively,3,4,3,5,3,4,5,4,5,I'd view ${lm://Field/5} very negatively,I'd view ${lm://Field/5} very negatively,I wouldn't view ${lm://Field/5} negatively at all,5,5,4,3,3,6,5,1
,I'd view ${lm://Field/5} very negatively,I wouldn't view ${lm://Field/5} negatively at all,I'd view ${lm://Field/5} very negatively,I wouldn't view ${lm://Field/5} negatively at all,I wouldn't view ${lm://Field/5} negatively at all,I wouldn't view ${lm://Field/5} negatively at all,I'd view ${lm://Field/5} very negatively,I wouldn't view ${lm://Field/5} negatively at all,I wouldn't view ${lm://Field/5} negatively at all,I'd view ${lm://Field/5} very negatively,I wouldn't view ${lm://Field/5} negatively at all,I wouldn't view ${lm://Field/5} negatively at all,I wouldn't view ${lm://Field/5} negatively at all,I wouldn't view ${lm://Field/5} negatively at all,I wouldn't view ${lm://Field/5} negatively at all,I wouldn't view ${lm://Field/5} negatively at all,I wouldn't view ${lm://Field/5} negatively at all,I'd view ${lm://Field/5} very negatively,4,5,6,I wouldn't view ${lm://Field/5} negatively at all,I wouldn't view ${lm://Field/5} negatively at all,I wouldn't view ${lm://Field/5} negatively at all,I wouldn't view ${lm://Field/5} negatively at all,3,I wouldn't view ${lm://Field/5} negatively at all,I'd view ${lm://Field/5} very negatively,3,1
,4,3,6,4,4,I wouldn't view ${lm://Field/5} negatively at all,6,5,2,5,6,4,2,3,4,4,2,5,6,5,5,I wouldn't view ${lm://Field/5} negatively at all,5,4,3,3,3,6,4,1
,I wouldn't view ${lm://Field/5} negatively at all,I wouldn't view ${lm://Field/5} negatively at all,I'd view ${lm://Field/5} very negatively,I wouldn't view ${lm://Field/5} negatively at all,4,I wouldn't view ${lm://Field/5} negatively at all,5,2,3,I'd view ${lm://Field/5} very negatively,I wouldn't view ${lm://Field/5} negatively at all,I wouldn't view ${lm://Field/5} negatively at all,I wouldn't view ${lm://Field/5} negatively at all,I wouldn't view ${lm://Field/5} negatively at all,3,I wouldn't view ${lm://Field/5} negatively at all,6,I wouldn't view ${lm://Field/5} negatively at all,2,I'd view ${lm://Field/5} very negatively,I'd view ${lm://Field/5} very negatively,I wouldn't view ${lm://Field/5} negatively at all,3,4,4,I wouldn't view ${lm://Field/5} negatively at all,I wouldn't view ${lm://Field/5} negatively at all,4,I wouldn't view ${lm://Field/5} negatively at all,1
,4,I wouldn't view ${lm://Field/5} negatively at all,I'd view ${lm://Field/5} very negatively,4,4,3,3,3,I wouldn't view ${lm://Field/5} negatively at all,4,4,I wouldn't view ${lm://Field/5} negatively at all,I wouldn't view ${lm://Field/5} negatively at all,4,3,2,2,4,I'd view ${lm://Field/5} very negatively,6,6,I wouldn't view ${lm://Field/5} negatively at all,4,I wouldn't view ${lm://Field/5} negatively at all,5,I wouldn't view ${lm://Field/5} negatively at all,I wouldn't view ${lm://Field/5} negatively at all,4,4,1
,3,I wouldn't view ${lm://Field/5} negatively at all,I'd view ${lm://Field/5} very negatively,I wouldn't view ${lm://Field/5} negatively at all,I wouldn't view ${lm://Field/5} negatively at all,I wouldn't view ${lm://Field/5} negatively at all,5,I wouldn't view ${lm://Field/5} negatively at all,I wouldn't view ${lm://Field/5} negatively at all,2,I wouldn't view ${lm://Field/5} negatively at all,I wouldn't view ${lm://Field/5} negatively at all,I wouldn't view ${lm://Field/5} negatively at all,I wouldn't view ${lm://Field/5} negatively at all,I wouldn't view ${lm://Field/5} negatively at all,I wouldn't view ${lm://Field/5} negatively at all,I wouldn't view ${lm://Field/5} negatively at all,3,3,4,5,I wouldn't view ${lm://Field/5} negatively at all,5,2,I wouldn't view ${lm://Field/5} negatively at all,I wouldn't view ${lm://Field/5} negatively at all,I wouldn't view ${lm://Field/5} negatively at all,5,3,1
,2,I wouldn't view ${lm://Field/5} negatively at all,6,I wouldn't view ${lm://Field/5} negatively at all,I wouldn't view ${lm://Field/5} negatively at all,I wouldn't view ${lm://Field/5} negatively at all,I'd view ${lm://Field/5} very negatively,3,2,6,2,2,I wouldn't view ${lm://Field/5} negatively at all,I wouldn't view ${lm://Field/5} negatively at all,3,6,3,3,6,2,5,6,I'd view ${lm://Field/5} very negatively,4,I wouldn't view ${lm://Field/5} negatively at all,I wouldn't view ${lm://Field/5} negatively at all,I wouldn't view ${lm://Field/5} negatively at all,6,6,1
,I wouldn't view ${lm://Field/5} negatively at all,I wouldn't view ${lm://Field/5} negatively at all,5,I wouldn't view ${lm://Field/5} negatively at all,3,I wouldn't view ${lm://Field/5} negatively at all,4,I wouldn't view ${lm://Field/5} negatively at all,I wouldn't view ${lm://Field/5} negatively at all,5,I wouldn't view ${lm://Field/5} negatively at all,I wouldn't view ${lm://Field/5} negatively at all,I wouldn't view ${lm://Field/5} negatively at all,I wouldn't view ${lm://Field/5} negatively at all,2,I wouldn't view ${lm://Field/5} negatively at all,I wouldn't view ${lm://Field/5} negatively at all,I wouldn't view ${lm://Field/5} negatively at all,I wouldn't view ${lm://Field/5} negatively at all,3,4,I wouldn't view ${lm://Field/5} negatively at all,3,I wouldn't view ${lm://Field/5} negatively at all,I wouldn't view ${lm://Field/5} negatively at all,I wouldn't view ${lm://Field/5} negatively at all,I wouldn't view ${lm://Field/5} negatively at all,I wouldn't view ${lm://Field/5} negatively at all,3,1
,2,2,6,3,2,2,5,2,2,6,2,2,2,2,2,4,2,3,6,6,6,2,6,5,2,2,2,4,3,1
,2,I wouldn't view ${lm://Field/5} negatively at all,6,2,I wouldn't view ${lm://Field/5} negatively at all,I wouldn't view ${lm://Field/5} negatively at all,6,2,3,6,I wouldn't view ${lm://Field/5} negatively at all,I wouldn't view ${lm://Field/5} negatively at all,I wouldn't view ${lm://Field/5} negatively at all,I wouldn't view ${lm://Field/5} negatively at all,4,I wouldn't view ${lm://Field/5} negatively at all,I wouldn't view ${lm://Field/5} negatively at all,4,I wouldn't view ${lm://Field/5} negatively at all,5,5,I wouldn't view ${lm://Field/5} negatively at all,I wouldn't view ${lm://Field/5} negatively at all,4,4,2,2,I'd view ${lm://Field/5} very negatively,2,1
,2,2,I'd view ${lm://Field/5} very negatively,I wouldn't view ${lm://Field/5} negatively at all,3,I wouldn't view ${lm://Field/5} negatively at all,I'd view ${lm://Field/5} very negatively,4,I wouldn't view ${lm://Field/5} negatively at all,I'd view ${lm://Field/5} very negatively,4,I wouldn't view ${lm://Field/5} negatively at all,I wouldn't view ${lm://Field/5} negatively at all,2,4,2,3,3,3,I'd view ${lm://Field/5} very negatively,I'd view ${lm://Field/5} very negatively,I wouldn't view ${lm://Field/5} negatively at all,5,I wouldn't view ${lm://Field/5} negatively at all,I wouldn't view ${lm://Field/5} negatively at all,I wouldn't view ${lm://Field/5} negatively at all,I wouldn't view ${lm://Field/5} negatively at all,6,4,1
,6,I wouldn't view ${lm://Field/5} negatively at all,I'd view ${lm://Field/5} very negatively,I wouldn't view ${lm://Field/5} negatively at all,I wouldn't view ${lm://Field/5} negatively at all,I wouldn't view ${lm://Field/5} negatively at all,I'd view ${lm://Field/5} very negatively,3,I wouldn't view ${lm://Field/5} negatively at all,I'd view ${lm://Field/5} very negatively,I wouldn't view ${lm://Field/5} negatively at all,I wouldn't view ${lm://Field/5} negatively at all,I wouldn't view ${lm://Field/5} negatively at all,3,4,3,I'd view ${lm://Field/5} very negatively,5,5,I'd view ${lm://Field/5} very negatively,I'd view ${lm://Field/5} very negatively,I wouldn't view ${lm://Field/5} negatively at all,2,3,I wouldn't view ${lm://Field/5} negatively at all,I wouldn't view ${lm://Field/5} negatively at all,I wouldn't view ${lm://Field/5} negatively at all,I'd view ${lm://Field/5} very negatively,2,1
,5,3,I'd view ${lm://Field/5} very negatively,2,3,I wouldn't view ${lm://Field/5} negatively at all,6,3,2,I'd view ${lm://Field/5} very negatively,3,2,2,2,I wouldn't view ${lm://Field/5} negatively at all,2,4,4,5,6,I'd view ${lm://Field/5} very negatively,I wouldn't view ${lm://Field/5} negatively at all,3,6,4,I wouldn't view ${lm://Field/5} negatively at all,2,5,5,1
,2,I wouldn't view ${lm://Field/5} negatively at all,I'd view ${lm://Field/5} very negatively,I wouldn't view ${lm://Field/5} negatively at all,2,I wouldn't view ${lm://Field/5} negatively at all,6,2,I wouldn't view ${lm://Field/5} negatively at all,6,I wouldn't view ${lm://Field/5} negatively at all,I wouldn't view ${lm://Field/5} negatively at all,I wouldn't view ${lm://Field/5} negatively at all,I wouldn't view ${lm://Field/5} negatively at all,I wouldn't view ${lm://Field/5} negatively at all,4,4,4,4,I wouldn't view ${lm://Field/5} negatively at all,6,I wouldn't view ${lm://Field/5} negatively at all,2,I'd view ${lm://Field/5} very negatively,I wouldn't view ${lm://Field/5} negatively at all,I wouldn't view ${lm://Field/5} negatively at all,I wouldn't view ${lm://Field/5} negatively at all,6,5,1
,2,I wouldn't view ${lm://Field/5} negatively at all,5,4,I wouldn't view ${lm://Field/5} negatively at all,I wouldn't view ${lm://Field/5} negatively at all,6,6,3,5,2,3,I wouldn't view ${lm://Field/5} negatively at all,2,2,5,2,4,5,5,I'd view ${lm://Field/5} very negatively,I wouldn't view ${lm://Field/5} negatively at all,I wouldn't view ${lm://Field/5} negatively at all,5,I wouldn't view ${lm://Field/5} negatively at all,I wouldn't view ${lm://Field/5} negatively at all,I wouldn't view ${lm://Field/5} negatively at all,5,6,1
,I wouldn't view ${lm://Field/5} negatively at all,I wouldn't view ${lm://Field/5} negatively at all,I'd view ${lm://Field/5} very negatively,I wouldn't view ${lm://Field/5} negatively at all,I wouldn't view ${lm://Field/5} negatively at all,I wouldn't view ${lm://Field/5} negatively at all,I'd view ${lm://Field/5} very negatively,I'd view ${lm://Field/5} very negatively,I wouldn't view ${lm://Field/5} negatively at all,I wouldn't view ${lm://Field/5} negatively at all,2,I wouldn't view ${lm://Field/5} negatively at all,I wouldn't view ${lm://Field/5} negatively at all,I wouldn't view ${lm://Field/5} negatively at all,I wouldn't view ${lm://Field/5} negatively at all,I wouldn't view ${lm://Field/5} negatively at all,I wouldn't view ${lm://Field/5} negatively at all,I wouldn't view ${lm://Field/5} negatively at all,I wouldn't view ${lm://Field/5} negatively at all,I wouldn't view ${lm://Field/5} negatively at all,I wouldn't view ${lm://Field/5} negatively at all,I wouldn't view ${lm://Field/5} negatively at all,4,I wouldn't view ${lm://Field/5} negatively at all,I wouldn't view ${lm://Field/5} negatively at all,2,I wouldn't view ${lm://Field/5} negatively at all,I wouldn't view ${lm://Field/5} negatively at all,2,1
,5,I wouldn't view ${lm://Field/5} negatively at all,I'd view ${lm://Field/5} very negatively,4,2,I wouldn't view ${lm://Field/5} negatively at all,6,4,I wouldn't view ${lm://Field/5} negatively at all,6,I wouldn't view ${lm://Field/5} negatively at all,2,I wouldn't view ${lm://Field/5} negatively at all,2,4,4,3,5,5,5,6,I wouldn't view ${lm://Field/5} negatively at all,5,3,I wouldn't view ${lm://Field/5} negatively at all,I wouldn't view ${lm://Field/5} negatively at all,I wouldn't view ${lm://Field/5} negatively at all,6,5,1
,I wouldn't view ${lm://Field/5} negatively at all,I wouldn't view ${lm://Field/5} negatively at all,I'd view ${lm://Field/5} very negatively,4,I wouldn't view ${lm://Field/5} negatively at all,I wouldn't view ${lm://Field/5} negatively at all,I'd view ${lm://Field/5} very negatively,2,I wouldn't view ${lm://Field/5} negatively at all,I'd view ${lm://Field/5} very negatively,I wouldn't view ${lm://Field/5} negatively at all,I wouldn't view ${lm://Field/5} negatively at all,3,I wouldn't view ${lm://Field/5} negatively at all,I wouldn't view ${lm://Field/5} negatively at all,3,4,5,I'd view ${lm://Field/5} very negatively,6,I'd view ${lm://Field/5} very negatively,I wouldn't view ${lm://Field/5} negatively at all,I wouldn't view ${lm://Field/5} negatively at all,5,I wouldn't view ${lm://Field/5} negatively at all,I wouldn't view ${lm://Field/5} negatively at all,I wouldn't view ${lm://Field/5} negatively at all,I'd view ${lm://Field/5} very negatively,5,1
,I'd view ${lm://Field/5} very negatively,2,I'd view ${lm://Field/5} very negatively,3,2,I wouldn't view ${lm://Field/5} negatively at all,I'd view ${lm://Field/5} very negatively,2,I wouldn't view ${lm://Field/5} negatively at all,I'd view ${lm://Field/5} very negatively,2,3,I wouldn't view ${lm://Field/5} negatively at all,2,2,2,3,4,5,I'd view ${lm://Field/5} very negatively,6,I wouldn't view ${lm://Field/5} negatively at all,2,4,2,2,I wouldn't view ${lm://Field/5} negatively at all,6,5,1
