PP #,Date,Time,Gender,Race,PrimeRaw,Prime,RA,Use Data?,Comments
643,Oct 1 2018,9:30-10:30,F,Asian,6,col,RL,Yes,seemed to be very tired as blocks progressed; my stomach growled and there was a weird noise from the computer at some point in block 3? Or 4?
644,Oct 1 2018,10:30-11:30,M,Asian,1,ind,RL,Yes,stomach kept growling
645,Oct 1 2018,1:30-2:30,F,Asian,5,col,RL,Yes,stomach growled loud in 2nd? circling task 
646,Oct 1 2018,3:30-4:30,F,Asian,8,col,RL,Yes,
647,Oct 1 2018,4:30-5:30,F,Asian ,6,col,RL,Yes,
648,Oct 1 2018,5:30-6:30,F,Asian,8,col,RL,Yes,
649,Oct 3 2018,9:00-10:00,F,Asian,4,ind,RL,Yes,
650,Oct 3 2018,10:00-11:00,F?,Asian,1,ind,RL,Yes,"kind of unconscientious, kept missing pronoun every time, kept skipping my instructions before I could finish for the reaction time task"
651,Oct 4 2018,11:30-12:30,F,Asian,7,col,RL,Yes,"started coughing through 2nd block of trials, had to leave the room for a bit and came back, participant was done 2nd block by then"
652,Oct 4 2018,12:30-1:30,M,Asian?,3,ind,RL,No,not East Asian
653,Oct 9 2018,9:30-10:30,F,Asian,6,col,RL,Yes,"forgot to put up mirror before pp came, put it up in the middle of instructions"
654,Oct 9 2018,10:30-11:30,F,Asian,5,col,RL,Yes,a weird drilling sound during first block of time
655,Oct 9 2018,11:30-12:30,F,Asian,2,ind,RL,Yes,thought at the end it was about peripheral attention because she has a bg in music
656,Oct 9 2018,12:30-1:30,M,Asian,1,ind,RL,Yes,had to go get word circling task before cognitive task started
657,Oct 10 2018,9:30-10:30,F,Asian,3,ind,RL,Yes,
658,Oct 10 2018,10:30-11:30,M,Asian,4,ind,RL,Yes,phone buzzed in first block; forgot to adjust chair but it looked comfortable to him
659,Oct 10 2018,11:30-12:30,F,Asian,2,ind,RL,Yes,"unconscientious at the last block, would delay hitting spacebar when target appeared"
660,Oct 10 2018,12:30-1:30,F,Asian,4,ind,RL,Yes,phone buzzed in both first and second block
661,Oct 10 2018,1:30-2:30,F,Asian,6,col,RL,Yes,
662,Oct 11 2018,10:00-11:00,M,Asian,3,ind,RL,Yes,"first block used left hand even tho he was right handed, asked to switch to right hand just before 2nd block"
663,Oct 11 2018,12:00-1:00,F,Asian,5,col,RL,Yes,
664,Oct 11 2018,1:00-2:00,,Asian,8,col,RL,Yes,
665,Oct 11 2018,2:00-3:00,,Asian,2,ind,RL,Yes,
