sex,age,"Male - You are single. You
have a promiscuous sexual life with [Field-6].","Male - You were in an accident
and your face was permanently disfigured.","Male - At the wedding
of an acquaintance, you are discovered cheating on your [Field-7] with a food server.",Male - You look ten years older than you are.,"Male - You host your
extended family for a holiday meal, but you burn the food.",Male - Your [Field-7] makes more money than you do.,Male - You do a bad job taking care of your children.,Male - You cannot support your children economically.,"Male - You receive welfare
money from the government because you cannot financially support your family.","Male - Everyone discovers
that you are sexually unfaithful to your [Field-7].","Male - Everyone discovers
that your [Field-7] is sexually unfaithful to you.","Male - You are playing
a throwing game with your friends. All your throws miss the target by a wide
margin.","Male - You come from a very
poor family with low status and no connections.","Male - Your brother stole money from a stranger.  

	 

	How much shame would you feel about your brother stealing money from the stranger?","Male - Your brother stole money from a stranger. As soon as you found out about that, you reported him to the police.



How much shame would you feel about reporting your brother to the police?","Male - You are not very
smart.","Male - Your father defrauded
a foreign company.","Male - You dropped out of
school much earlier than others.","Male - You have poor table
manners.","Male - You stole goods
from a shop owned by a foreign merchant.","Male - You stole goods from
a shop owned by your neighbor.","Male - You have no idea how
to load or fire a gun.","Male - An acquaintance is inappropriately
flirting with your [Field-7] in front of
everybody. Because you’re too scared to pick a fight with your rival you remain
silent without doing or saying anything.","Male - You get into a fight in
front of everybody and your opponent completely dominates you with punch after
punch until you’re knocked out.","Male - You are performing a
ceremony in front of your community. In the middle of it, your mind goes blank
and you forget what to do next.",Male - You are not physically attractive.,Male - You are poor.,Male - You are not generous with others.,Male - You are not very ambitious.
Female,23,2,5,6,6,3,2,6,6,5,a lot of shame,6,6,3,5,5,4,6,4,3,5,6,2,6,6,4,5,4,6,5
Male,22,I wouldn't view ${lm://Field/5} negatively at all,I wouldn't view ${lm://Field/5} negatively at all,I'd view ${lm://Field/5} very negatively,I wouldn't view ${lm://Field/5} negatively at all,I wouldn't view ${lm://Field/5} negatively at all,I wouldn't view ${lm://Field/5} negatively at all,6,I wouldn't view ${lm://Field/5} negatively at all,I wouldn't view ${lm://Field/5} negatively at all,I'd view ${lm://Field/5} very negatively,I wouldn't view ${lm://Field/5} negatively at all,I wouldn't view ${lm://Field/5} negatively at all,I wouldn't view ${lm://Field/5} negatively at all,I wouldn't view ${lm://Field/5} negatively at all,I wouldn't view ${lm://Field/5} negatively at all,I wouldn't view ${lm://Field/5} negatively at all,I wouldn't view ${lm://Field/5} negatively at all,I wouldn't view ${lm://Field/5} negatively at all,I wouldn't view ${lm://Field/5} negatively at all,4,4,I wouldn't view ${lm://Field/5} negatively at all,I wouldn't view ${lm://Field/5} negatively at all,I wouldn't view ${lm://Field/5} negatively at all,I wouldn't view ${lm://Field/5} negatively at all,I wouldn't view ${lm://Field/5} negatively at all,I wouldn't view ${lm://Field/5} negatively at all,3,I wouldn't view ${lm://Field/5} negatively at all
Female,18,4,2,I'd view ${lm://Field/5} very negatively,I wouldn't view ${lm://Field/5} negatively at all,2,I wouldn't view ${lm://Field/5} negatively at all,5,I wouldn't view ${lm://Field/5} negatively at all,I wouldn't view ${lm://Field/5} negatively at all,I'd view ${lm://Field/5} very negatively,2,2,2,I wouldn't view ${lm://Field/5} negatively at all,3,I wouldn't view ${lm://Field/5} negatively at all,2,3,4,6,I'd view ${lm://Field/5} very negatively,I wouldn't view ${lm://Field/5} negatively at all,2,2,2,I wouldn't view ${lm://Field/5} negatively at all,I wouldn't view ${lm://Field/5} negatively at all,5,2
Male,23,3,2,6,no shame at all,3,no shame at all,6,6,3,6,4,4,no shame at all,6,4,3,3,4,4,6,6,4,5,5,3,2,2,6,3
Female,20,2,a lot of shame,a lot of shame,4,6,4,a lot of shame,6,5,6,6,4,4,6,2,6,5,6,6,a lot of shame,6,no shame at all,a lot of shame,a lot of shame,a lot of shame,a lot of shame,5,6,6
Male,19,4,I wouldn't view ${lm://Field/5} negatively at all,3,I wouldn't view ${lm://Field/5} negatively at all,2,6,4,5,I wouldn't view ${lm://Field/5} negatively at all,4,5,2,2,4,4,2,3,6,6,I'd view ${lm://Field/5} very negatively,6,3,I'd view ${lm://Field/5} very negatively,I'd view ${lm://Field/5} very negatively,3,2,I wouldn't view ${lm://Field/5} negatively at all,2,3
Female,22,I wouldn't view ${lm://Field/5} negatively at all,I wouldn't view ${lm://Field/5} negatively at all,I'd view ${lm://Field/5} very negatively,4,I wouldn't view ${lm://Field/5} negatively at all,4,4,4,I wouldn't view ${lm://Field/5} negatively at all,I'd view ${lm://Field/5} very negatively,I wouldn't view ${lm://Field/5} negatively at all,4,I wouldn't view ${lm://Field/5} negatively at all,4,4,4,4,I wouldn't view ${lm://Field/5} negatively at all,4,I'd view ${lm://Field/5} very negatively,I'd view ${lm://Field/5} very negatively,I wouldn't view ${lm://Field/5} negatively at all,4,4,4,4,I wouldn't view ${lm://Field/5} negatively at all,3,4
Female,18,a lot of shame,a lot of shame,a lot of shame,a lot of shame,5,6,a lot of shame,a lot of shame,a lot of shame,a lot of shame,a lot of shame,5,a lot of shame,a lot of shame,5,a lot of shame,a lot of shame,a lot of shame,5,5,a lot of shame,no shame at all,a lot of shame,a lot of shame,a lot of shame,a lot of shame,a lot of shame,a lot of shame,6
Female,23,no shame at all,4,a lot of shame,6,6,2,a lot of shame,a lot of shame,4,5,6,5,6,5,5,5,4,4,5,5,6,no shame at all,3,6,5,4,4,a lot of shame,2
Female,18,5,I wouldn't view ${lm://Field/5} negatively at all,I'd view ${lm://Field/5} very negatively,2,3,I wouldn't view ${lm://Field/5} negatively at all,I'd view ${lm://Field/5} very negatively,6,3,I'd view ${lm://Field/5} very negatively,I wouldn't view ${lm://Field/5} negatively at all,2,2,I wouldn't view ${lm://Field/5} negatively at all,I wouldn't view ${lm://Field/5} negatively at all,2,2,6,5,I'd view ${lm://Field/5} very negatively,I'd view ${lm://Field/5} very negatively,I wouldn't view ${lm://Field/5} negatively at all,6,I wouldn't view ${lm://Field/5} negatively at all,2,6,I wouldn't view ${lm://Field/5} negatively at all,5,6
Female,19,no shame at all,3,a lot of shame,2,2,2,5,3,3,a lot of shame,5,2,no shame at all,5,4,2,no shame at all,6,2,a lot of shame,a lot of shame,2,4,2,2,2,2,5,4
Female,19,I wouldn't view ${lm://Field/5} negatively at all,I wouldn't view ${lm://Field/5} negatively at all,I wouldn't view ${lm://Field/5} negatively at all,I wouldn't view ${lm://Field/5} negatively at all,4,I wouldn't view ${lm://Field/5} negatively at all,I'd view ${lm://Field/5} very negatively,4,5,I'd view ${lm://Field/5} very negatively,I wouldn't view ${lm://Field/5} negatively at all,I wouldn't view ${lm://Field/5} negatively at all,I wouldn't view ${lm://Field/5} negatively at all,2,4,2,3,5,2,5,5,3,4,I'd view ${lm://Field/5} very negatively,2,I wouldn't view ${lm://Field/5} negatively at all,I wouldn't view ${lm://Field/5} negatively at all,5,4
Male,18,2,I wouldn't view ${lm://Field/5} negatively at all,I'd view ${lm://Field/5} very negatively,I wouldn't view ${lm://Field/5} negatively at all,I wouldn't view ${lm://Field/5} negatively at all,I wouldn't view ${lm://Field/5} negatively at all,I'd view ${lm://Field/5} very negatively,4,I wouldn't view ${lm://Field/5} negatively at all,I'd view ${lm://Field/5} very negatively,I wouldn't view ${lm://Field/5} negatively at all,I wouldn't view ${lm://Field/5} negatively at all,2,I wouldn't view ${lm://Field/5} negatively at all,6,I wouldn't view ${lm://Field/5} negatively at all,4,5,6,4,6,I wouldn't view ${lm://Field/5} negatively at all,6,3,I wouldn't view ${lm://Field/5} negatively at all,I wouldn't view ${lm://Field/5} negatively at all,2,6,6
Female,21,4,6,a lot of shame,5,4,4,a lot of shame,a lot of shame,5,a lot of shame,a lot of shame,5,4,6,6,5,6,5,6,a lot of shame,a lot of shame,3,a lot of shame,a lot of shame,a lot of shame,5,4,5,4
Female,24,I wouldn't view ${lm://Field/5} negatively at all,I wouldn't view ${lm://Field/5} negatively at all,6,I wouldn't view ${lm://Field/5} negatively at all,I wouldn't view ${lm://Field/5} negatively at all,I wouldn't view ${lm://Field/5} negatively at all,I'd view ${lm://Field/5} very negatively,3,I wouldn't view ${lm://Field/5} negatively at all,5,I wouldn't view ${lm://Field/5} negatively at all,I wouldn't view ${lm://Field/5} negatively at all,I wouldn't view ${lm://Field/5} negatively at all,I wouldn't view ${lm://Field/5} negatively at all,I wouldn't view ${lm://Field/5} negatively at all,I wouldn't view ${lm://Field/5} negatively at all,I wouldn't view ${lm://Field/5} negatively at all,2,2,I'd view ${lm://Field/5} very negatively,I'd view ${lm://Field/5} very negatively,I wouldn't view ${lm://Field/5} negatively at all,I wouldn't view ${lm://Field/5} negatively at all,I wouldn't view ${lm://Field/5} negatively at all,I wouldn't view ${lm://Field/5} negatively at all,I wouldn't view ${lm://Field/5} negatively at all,I wouldn't view ${lm://Field/5} negatively at all,6,2
Female,19,I wouldn't view ${lm://Field/5} negatively at all,I wouldn't view ${lm://Field/5} negatively at all,I'd view ${lm://Field/5} very negatively,I wouldn't view ${lm://Field/5} negatively at all,I wouldn't view ${lm://Field/5} negatively at all,I wouldn't view ${lm://Field/5} negatively at all,I'd view ${lm://Field/5} very negatively,I wouldn't view ${lm://Field/5} negatively at all,I wouldn't view ${lm://Field/5} negatively at all,I'd view ${lm://Field/5} very negatively,I wouldn't view ${lm://Field/5} negatively at all,I wouldn't view ${lm://Field/5} negatively at all,I wouldn't view ${lm://Field/5} negatively at all,I wouldn't view ${lm://Field/5} negatively at all,4,I wouldn't view ${lm://Field/5} negatively at all,I wouldn't view ${lm://Field/5} negatively at all,I wouldn't view ${lm://Field/5} negatively at all,2,I'd view ${lm://Field/5} very negatively,I'd view ${lm://Field/5} very negatively,I wouldn't view ${lm://Field/5} negatively at all,2,I wouldn't view ${lm://Field/5} negatively at all,I wouldn't view ${lm://Field/5} negatively at all,I wouldn't view ${lm://Field/5} negatively at all,I wouldn't view ${lm://Field/5} negatively at all,5,I wouldn't view ${lm://Field/5} negatively at all
Male,18,4,5,6,2,3,2,6,5,5,a lot of shame,2,3,2,5,2,3,3,a lot of shame,3,6,6,2,6,4,6,3,4,3,2
Male,19,5,5,a lot of shame,5,4,no shame at all,a lot of shame,a lot of shame,5,a lot of shame,a lot of shame,2,5,a lot of shame,4,6,5,a lot of shame,4,5,6,no shame at all,a lot of shame,a lot of shame,4,5,5,4,a lot of shame
Male,37,no shame at all,5,5,4,6,no shame at all,a lot of shame,a lot of shame,2,5,5,2,5,3,a lot of shame,4,5,6,6,5,6,2,5,5,5,4,4,4,4
Female,18,I wouldn't view ${lm://Field/5} negatively at all,I wouldn't view ${lm://Field/5} negatively at all,2,I wouldn't view ${lm://Field/5} negatively at all,I wouldn't view ${lm://Field/5} negatively at all,I wouldn't view ${lm://Field/5} negatively at all,3,I wouldn't view ${lm://Field/5} negatively at all,I wouldn't view ${lm://Field/5} negatively at all,3,I wouldn't view ${lm://Field/5} negatively at all,I wouldn't view ${lm://Field/5} negatively at all,I wouldn't view ${lm://Field/5} negatively at all,I wouldn't view ${lm://Field/5} negatively at all,I wouldn't view ${lm://Field/5} negatively at all,I wouldn't view ${lm://Field/5} negatively at all,3,I wouldn't view ${lm://Field/5} negatively at all,2,3,I wouldn't view ${lm://Field/5} negatively at all,I wouldn't view ${lm://Field/5} negatively at all,I wouldn't view ${lm://Field/5} negatively at all,I wouldn't view ${lm://Field/5} negatively at all,I wouldn't view ${lm://Field/5} negatively at all,I wouldn't view ${lm://Field/5} negatively at all,I wouldn't view ${lm://Field/5} negatively at all,4,I wouldn't view ${lm://Field/5} negatively at all
Female,19,2,a lot of shame,a lot of shame,5,5,3,6,a lot of shame,5,6,5,5,4,5,6,5,6,6,6,6,6,3,6,6,6,a lot of shame,4,a lot of shame,6
Female,18,I wouldn't view ${lm://Field/5} negatively at all,2,5,I wouldn't view ${lm://Field/5} negatively at all,I wouldn't view ${lm://Field/5} negatively at all,I wouldn't view ${lm://Field/5} negatively at all,6,I wouldn't view ${lm://Field/5} negatively at all,I wouldn't view ${lm://Field/5} negatively at all,5,I wouldn't view ${lm://Field/5} negatively at all,I wouldn't view ${lm://Field/5} negatively at all,I wouldn't view ${lm://Field/5} negatively at all,I wouldn't view ${lm://Field/5} negatively at all,I wouldn't view ${lm://Field/5} negatively at all,3,5,I wouldn't view ${lm://Field/5} negatively at all,2,6,6,I wouldn't view ${lm://Field/5} negatively at all,I wouldn't view ${lm://Field/5} negatively at all,2,2,3,I wouldn't view ${lm://Field/5} negatively at all,6,4
Female,28,2,3,I'd view ${lm://Field/5} very negatively,4,I wouldn't view ${lm://Field/5} negatively at all,I wouldn't view ${lm://Field/5} negatively at all,I'd view ${lm://Field/5} very negatively,2,4,I'd view ${lm://Field/5} very negatively,I wouldn't view ${lm://Field/5} negatively at all,I wouldn't view ${lm://Field/5} negatively at all,2,I wouldn't view ${lm://Field/5} negatively at all,2,5,I wouldn't view ${lm://Field/5} negatively at all,4,6,I'd view ${lm://Field/5} very negatively,I'd view ${lm://Field/5} very negatively,I wouldn't view ${lm://Field/5} negatively at all,6,4,3,2,2,6,5
Female,20,no shame at all,4,2,3,5,3,a lot of shame,a lot of shame,5,no shame at all,3,no shame at all,3,3,2,4,3,3,4,3,3,no shame at all,no shame at all,3,4,5,4,3,3
Female,19,2,2,6,4,4,I wouldn't view ${lm://Field/5} negatively at all,5,2,I wouldn't view ${lm://Field/5} negatively at all,6,2,I wouldn't view ${lm://Field/5} negatively at all,2,I wouldn't view ${lm://Field/5} negatively at all,2,I wouldn't view ${lm://Field/5} negatively at all,2,2,5,6,6,I wouldn't view ${lm://Field/5} negatively at all,I wouldn't view ${lm://Field/5} negatively at all,2,I wouldn't view ${lm://Field/5} negatively at all,3,2,5,4
Male,18,4,2,a lot of shame,2,no shame at all,no shame at all,a lot of shame,6,2,a lot of shame,a lot of shame,3,2,5,no shame at all,3,5,5,no shame at all,5,5,no shame at all,4,4,5,2,2,3,4
Female,18,a lot of shame,6,a lot of shame,no shame at all,5,no shame at all,a lot of shame,a lot of shame,4,a lot of shame,a lot of shame,5,4,a lot of shame,4,5,a lot of shame,a lot of shame,4,a lot of shame,a lot of shame,2,5,a lot of shame,a lot of shame,5,4,5,5
Female,26,2,2,6,5,4,I wouldn't view ${lm://Field/5} negatively at all,I'd view ${lm://Field/5} very negatively,5,2,6,3,2,2,2,5,2,2,6,3,6,6,2,5,6,2,2,2,5,5
Female,18,6,a lot of shame,a lot of shame,no shame at all,5,2,a lot of shame,a lot of shame,a lot of shame,a lot of shame,a lot of shame,no shame at all,no shame at all,5,a lot of shame,2,4,3,a lot of shame,5,a lot of shame,no shame at all,a lot of shame,a lot of shame,a lot of shame,a lot of shame,2,3,6
Female,18,I'd view ${lm://Field/5} very negatively,I wouldn't view ${lm://Field/5} negatively at all,I'd view ${lm://Field/5} very negatively,2,2,I wouldn't view ${lm://Field/5} negatively at all,4,3,I wouldn't view ${lm://Field/5} negatively at all,I'd view ${lm://Field/5} very negatively,I wouldn't view ${lm://Field/5} negatively at all,I wouldn't view ${lm://Field/5} negatively at all,I wouldn't view ${lm://Field/5} negatively at all,5,3,I wouldn't view ${lm://Field/5} negatively at all,4,4,5,5,4,I wouldn't view ${lm://Field/5} negatively at all,4,6,I wouldn't view ${lm://Field/5} negatively at all,I wouldn't view ${lm://Field/5} negatively at all,I wouldn't view ${lm://Field/5} negatively at all,4,2
Female,18,no shame at all,2,a lot of shame,a lot of shame,4,no shame at all,a lot of shame,3,3,a lot of shame,a lot of shame,5,4,a lot of shame,4,3,a lot of shame,6,5,a lot of shame,a lot of shame,no shame at all,a lot of shame,6,a lot of shame,5,no shame at all,a lot of shame,a lot of shame
Female,19,5,3,I'd view ${lm://Field/5} very negatively,4,4,4,6,4,3,I'd view ${lm://Field/5} very negatively,3,4,3,5,3,4,5,4,5,I'd view ${lm://Field/5} very negatively,I'd view ${lm://Field/5} very negatively,I wouldn't view ${lm://Field/5} negatively at all,5,5,4,3,3,6,5
Female,20,4,a lot of shame,a lot of shame,6,6,no shame at all,a lot of shame,a lot of shame,6,a lot of shame,a lot of shame,2,5,a lot of shame,a lot of shame,5,a lot of shame,6,5,6,a lot of shame,no shame at all,a lot of shame,a lot of shame,5,6,6,a lot of shame,5
Male,20,I wouldn't view ${lm://Field/5} negatively at all,4,I'd view ${lm://Field/5} very negatively,3,3,3,I'd view ${lm://Field/5} very negatively,3,I wouldn't view ${lm://Field/5} negatively at all,3,5,I wouldn't view ${lm://Field/5} negatively at all,5,5,I wouldn't view ${lm://Field/5} negatively at all,3,5,I wouldn't view ${lm://Field/5} negatively at all,5,3,I'd view ${lm://Field/5} very negatively,5,I'd view ${lm://Field/5} very negatively,3,I wouldn't view ${lm://Field/5} negatively at all,3,3,5,3
Male,19,I wouldn't view ${lm://Field/5} negatively at all,3,I'd view ${lm://Field/5} very negatively,I wouldn't view ${lm://Field/5} negatively at all,2,I wouldn't view ${lm://Field/5} negatively at all,6,3,2,I'd view ${lm://Field/5} very negatively,2,5,2,3,3,3,3,6,5,5,I'd view ${lm://Field/5} very negatively,3,5,5,3,2,4,5,3
Male,19,no shame at all,a lot of shame,a lot of shame,3,5,no shame at all,a lot of shame,a lot of shame,3,6,3,a lot of shame,3,3,6,a lot of shame,no shame at all,6,2,2,6,no shame at all,5,6,5,a lot of shame,no shame at all,3,5
Female,18,I'd view ${lm://Field/5} very negatively,I wouldn't view ${lm://Field/5} negatively at all,I'd view ${lm://Field/5} very negatively,I wouldn't view ${lm://Field/5} negatively at all,I wouldn't view ${lm://Field/5} negatively at all,I wouldn't view ${lm://Field/5} negatively at all,I'd view ${lm://Field/5} very negatively,I wouldn't view ${lm://Field/5} negatively at all,I wouldn't view ${lm://Field/5} negatively at all,I'd view ${lm://Field/5} very negatively,I wouldn't view ${lm://Field/5} negatively at all,I wouldn't view ${lm://Field/5} negatively at all,I wouldn't view ${lm://Field/5} negatively at all,I wouldn't view ${lm://Field/5} negatively at all,I wouldn't view ${lm://Field/5} negatively at all,I wouldn't view ${lm://Field/5} negatively at all,I wouldn't view ${lm://Field/5} negatively at all,I'd view ${lm://Field/5} very negatively,4,5,6,I wouldn't view ${lm://Field/5} negatively at all,I wouldn't view ${lm://Field/5} negatively at all,I wouldn't view ${lm://Field/5} negatively at all,I wouldn't view ${lm://Field/5} negatively at all,3,I wouldn't view ${lm://Field/5} negatively at all,I'd view ${lm://Field/5} very negatively,3
Male,19,4,4,a lot of shame,no shame at all,no shame at all,no shame at all,a lot of shame,a lot of shame,no shame at all,a lot of shame,a lot of shame,4,no shame at all,a lot of shame,4,4,a lot of shame,6,a lot of shame,a lot of shame,a lot of shame,no shame at all,6,5,a lot of shame,4,no shame at all,a lot of shame,5
Female,26,4,4,a lot of shame,5,6,4,6,a lot of shame,5,6,4,2,5,6,a lot of shame,4,4,4,4,a lot of shame,a lot of shame,3,a lot of shame,6,5,4,5,6,3
Female,18,4,3,6,4,4,I wouldn't view ${lm://Field/5} negatively at all,6,5,2,5,6,4,2,3,4,4,2,5,6,5,5,I wouldn't view ${lm://Field/5} negatively at all,5,4,3,3,3,6,4
Female,21,3,a lot of shame,a lot of shame,6,a lot of shame,no shame at all,a lot of shame,6,5,a lot of shame,6,no shame at all,6,6,6,5,no shame at all,a lot of shame,5,a lot of shame,a lot of shame,no shame at all,5,5,5,a lot of shame,6,a lot of shame,5
Female,18,I wouldn't view ${lm://Field/5} negatively at all,I wouldn't view ${lm://Field/5} negatively at all,I'd view ${lm://Field/5} very negatively,I wouldn't view ${lm://Field/5} negatively at all,4,I wouldn't view ${lm://Field/5} negatively at all,5,2,3,I'd view ${lm://Field/5} very negatively,I wouldn't view ${lm://Field/5} negatively at all,I wouldn't view ${lm://Field/5} negatively at all,I wouldn't view ${lm://Field/5} negatively at all,I wouldn't view ${lm://Field/5} negatively at all,3,I wouldn't view ${lm://Field/5} negatively at all,6,I wouldn't view ${lm://Field/5} negatively at all,2,I'd view ${lm://Field/5} very negatively,I'd view ${lm://Field/5} very negatively,I wouldn't view ${lm://Field/5} negatively at all,3,4,4,I wouldn't view ${lm://Field/5} negatively at all,I wouldn't view ${lm://Field/5} negatively at all,4,I wouldn't view ${lm://Field/5} negatively at all
Male,19,I'd view ${lm://Field/5} very negatively,I'd view ${lm://Field/5} very negatively,I'd view ${lm://Field/5} very negatively,I wouldn't view ${lm://Field/5} negatively at all,I'd view ${lm://Field/5} very negatively,I'd view ${lm://Field/5} very negatively,I'd view ${lm://Field/5} very negatively,4,I'd view ${lm://Field/5} very negatively,I'd view ${lm://Field/5} very negatively,I'd view ${lm://Field/5} very negatively,I wouldn't view ${lm://Field/5} negatively at all,4,I'd view ${lm://Field/5} very negatively,I'd view ${lm://Field/5} very negatively,4,4,I'd view ${lm://Field/5} very negatively,I'd view ${lm://Field/5} very negatively,I'd view ${lm://Field/5} very negatively,I'd view ${lm://Field/5} very negatively,I wouldn't view ${lm://Field/5} negatively at all,I'd view ${lm://Field/5} very negatively,I'd view ${lm://Field/5} very negatively,3,I wouldn't view ${lm://Field/5} negatively at all,I wouldn't view ${lm://Field/5} negatively at all,I'd view ${lm://Field/5} very negatively,4
Female,20,3,5,a lot of shame,3,5,no shame at all,a lot of shame,6,3,a lot of shame,a lot of shame,5,no shame at all,4,a lot of shame,5,a lot of shame,2,6,4,3,no shame at all,a lot of shame,6,6,2,2,3,4
Female,18,no shame at all,a lot of shame,a lot of shame,2,2,no shame at all,a lot of shame,a lot of shame,2,a lot of shame,a lot of shame,no shame at all,4,6,a lot of shame,4,a lot of shame,3,2,a lot of shame,a lot of shame,no shame at all,5,a lot of shame,a lot of shame,4,2,a lot of shame,a lot of shame
Female,18,4,I wouldn't view ${lm://Field/5} negatively at all,I'd view ${lm://Field/5} very negatively,4,4,3,3,3,I wouldn't view ${lm://Field/5} negatively at all,4,4,I wouldn't view ${lm://Field/5} negatively at all,I wouldn't view ${lm://Field/5} negatively at all,4,3,2,2,4,I'd view ${lm://Field/5} very negatively,6,6,I wouldn't view ${lm://Field/5} negatively at all,4,I wouldn't view ${lm://Field/5} negatively at all,5,I wouldn't view ${lm://Field/5} negatively at all,I wouldn't view ${lm://Field/5} negatively at all,4,4
Female,22,no shame at all,4,a lot of shame,no shame at all,no shame at all,no shame at all,a lot of shame,a lot of shame,4,a lot of shame,a lot of shame,no shame at all,4,3,a lot of shame,a lot of shame,5,5,3,a lot of shame,a lot of shame,no shame at all,4,a lot of shame,no shame at all,no shame at all,a lot of shame,6,3
Female,18,3,I wouldn't view ${lm://Field/5} negatively at all,I'd view ${lm://Field/5} very negatively,I wouldn't view ${lm://Field/5} negatively at all,I wouldn't view ${lm://Field/5} negatively at all,I wouldn't view ${lm://Field/5} negatively at all,5,I wouldn't view ${lm://Field/5} negatively at all,I wouldn't view ${lm://Field/5} negatively at all,2,I wouldn't view ${lm://Field/5} negatively at all,I wouldn't view ${lm://Field/5} negatively at all,I wouldn't view ${lm://Field/5} negatively at all,I wouldn't view ${lm://Field/5} negatively at all,I wouldn't view ${lm://Field/5} negatively at all,I wouldn't view ${lm://Field/5} negatively at all,I wouldn't view ${lm://Field/5} negatively at all,3,3,4,5,I wouldn't view ${lm://Field/5} negatively at all,5,2,I wouldn't view ${lm://Field/5} negatively at all,I wouldn't view ${lm://Field/5} negatively at all,I wouldn't view ${lm://Field/5} negatively at all,5,3
Female,18,2,I wouldn't view ${lm://Field/5} negatively at all,6,I wouldn't view ${lm://Field/5} negatively at all,I wouldn't view ${lm://Field/5} negatively at all,I wouldn't view ${lm://Field/5} negatively at all,I'd view ${lm://Field/5} very negatively,3,2,6,2,2,I wouldn't view ${lm://Field/5} negatively at all,I wouldn't view ${lm://Field/5} negatively at all,3,6,3,3,6,2,5,6,I'd view ${lm://Field/5} very negatively,4,I wouldn't view ${lm://Field/5} negatively at all,I wouldn't view ${lm://Field/5} negatively at all,I wouldn't view ${lm://Field/5} negatively at all,6,6
Female,23,no shame at all,a lot of shame,a lot of shame,no shame at all,4,no shame at all,a lot of shame,a lot of shame,no shame at all,a lot of shame,no shame at all,3,no shame at all,a lot of shame,3,2,a lot of shame,6,a lot of shame,a lot of shame,a lot of shame,no shame at all,5,a lot of shame,6,3,no shame at all,5,5
Male,26,4,2,a lot of shame,4,5,6,a lot of shame,6,2,a lot of shame,2,5,3,5,3,3,4,6,5,a lot of shame,a lot of shame,5,a lot of shame,a lot of shame,a lot of shame,6,6,a lot of shame,6
Female,18,a lot of shame,a lot of shame,a lot of shame,a lot of shame,a lot of shame,4,a lot of shame,a lot of shame,4,a lot of shame,5,a lot of shame,6,6,5,a lot of shame,6,a lot of shame,6,a lot of shame,6,2,a lot of shame,a lot of shame,6,5,6,a lot of shame,5
Female,20,I wouldn't view ${lm://Field/5} negatively at all,I wouldn't view ${lm://Field/5} negatively at all,5,I wouldn't view ${lm://Field/5} negatively at all,3,I wouldn't view ${lm://Field/5} negatively at all,4,I wouldn't view ${lm://Field/5} negatively at all,I wouldn't view ${lm://Field/5} negatively at all,5,I wouldn't view ${lm://Field/5} negatively at all,I wouldn't view ${lm://Field/5} negatively at all,I wouldn't view ${lm://Field/5} negatively at all,I wouldn't view ${lm://Field/5} negatively at all,2,I wouldn't view ${lm://Field/5} negatively at all,I wouldn't view ${lm://Field/5} negatively at all,I wouldn't view ${lm://Field/5} negatively at all,I wouldn't view ${lm://Field/5} negatively at all,3,4,I wouldn't view ${lm://Field/5} negatively at all,3,I wouldn't view ${lm://Field/5} negatively at all,I wouldn't view ${lm://Field/5} negatively at all,I wouldn't view ${lm://Field/5} negatively at all,I wouldn't view ${lm://Field/5} negatively at all,I wouldn't view ${lm://Field/5} negatively at all,3
Female,18,2,2,6,3,2,2,5,2,2,6,2,2,2,2,2,4,2,3,6,6,6,2,6,5,2,2,2,4,3
Male,28,4,no shame at all,a lot of shame,no shame at all,2,no shame at all,4,no shame at all,no shame at all,a lot of shame,no shame at all,2,no shame at all,no shame at all,no shame at all,no shame at all,no shame at all,no shame at all,no shame at all,a lot of shame,a lot of shame,no shame at all,no shame at all,no shame at all,no shame at all,no shame at all,no shame at all,no shame at all,no shame at all
Male,18,I wouldn't view ${lm://Field/5} negatively at all,I wouldn't view ${lm://Field/5} negatively at all,6,I wouldn't view ${lm://Field/5} negatively at all,I wouldn't view ${lm://Field/5} negatively at all,I wouldn't view ${lm://Field/5} negatively at all,2,I wouldn't view ${lm://Field/5} negatively at all,I wouldn't view ${lm://Field/5} negatively at all,5,I wouldn't view ${lm://Field/5} negatively at all,I wouldn't view ${lm://Field/5} negatively at all,I wouldn't view ${lm://Field/5} negatively at all,I wouldn't view ${lm://Field/5} negatively at all,5,2,4,3,2,5,3,I wouldn't view ${lm://Field/5} negatively at all,2,I wouldn't view ${lm://Field/5} negatively at all,I wouldn't view ${lm://Field/5} negatively at all,I wouldn't view ${lm://Field/5} negatively at all,I wouldn't view ${lm://Field/5} negatively at all,3,I wouldn't view ${lm://Field/5} negatively at all
Female,19,2,I wouldn't view ${lm://Field/5} negatively at all,6,2,I wouldn't view ${lm://Field/5} negatively at all,I wouldn't view ${lm://Field/5} negatively at all,6,2,3,6,I wouldn't view ${lm://Field/5} negatively at all,I wouldn't view ${lm://Field/5} negatively at all,I wouldn't view ${lm://Field/5} negatively at all,I wouldn't view ${lm://Field/5} negatively at all,4,I wouldn't view ${lm://Field/5} negatively at all,I wouldn't view ${lm://Field/5} negatively at all,4,I wouldn't view ${lm://Field/5} negatively at all,5,5,I wouldn't view ${lm://Field/5} negatively at all,I wouldn't view ${lm://Field/5} negatively at all,4,4,2,2,I'd view ${lm://Field/5} very negatively,2
Male,23,3,a lot of shame,a lot of shame,5,3,no shame at all,a lot of shame,a lot of shame,no shame at all,a lot of shame,a lot of shame,3,no shame at all,5,a lot of shame,a lot of shame,3,no shame at all,a lot of shame,a lot of shame,a lot of shame,no shame at all,a lot of shame,6,3,6,no shame at all,6,a lot of shame
Female,19,3,a lot of shame,a lot of shame,4,6,5,a lot of shame,a lot of shame,a lot of shame,5,6,5,5,5,a lot of shame,6,5,a lot of shame,3,6,5,no shame at all,5,a lot of shame,a lot of shame,5,6,5,a lot of shame
Female,18,2,2,I'd view ${lm://Field/5} very negatively,I wouldn't view ${lm://Field/5} negatively at all,3,I wouldn't view ${lm://Field/5} negatively at all,I'd view ${lm://Field/5} very negatively,4,I wouldn't view ${lm://Field/5} negatively at all,I'd view ${lm://Field/5} very negatively,4,I wouldn't view ${lm://Field/5} negatively at all,I wouldn't view ${lm://Field/5} negatively at all,2,4,2,3,3,3,I'd view ${lm://Field/5} very negatively,I'd view ${lm://Field/5} very negatively,I wouldn't view ${lm://Field/5} negatively at all,5,I wouldn't view ${lm://Field/5} negatively at all,I wouldn't view ${lm://Field/5} negatively at all,I wouldn't view ${lm://Field/5} negatively at all,I wouldn't view ${lm://Field/5} negatively at all,6,4
Male,26,4,4,6,4,6,5,5,6,5,6,6,4,5,I'd view ${lm://Field/5} very negatively,6,5,6,I'd view ${lm://Field/5} very negatively,5,I'd view ${lm://Field/5} very negatively,6,4,4,6,4,4,4,4,5
Male,20,3,5,6,4,5,5,5,6,a lot of shame,6,a lot of shame,6,no shame at all,5,a lot of shame,2,6,5,6,6,6,5,a lot of shame,a lot of shame,6,6,2,5,6
Female,23,no shame at all,a lot of shame,a lot of shame,a lot of shame,6,no shame at all,a lot of shame,a lot of shame,a lot of shame,a lot of shame,a lot of shame,4,no shame at all,a lot of shame,2,a lot of shame,a lot of shame,a lot of shame,a lot of shame,a lot of shame,a lot of shame,no shame at all,a lot of shame,a lot of shame,4,a lot of shame,4,5,a lot of shame
Female,19,6,I wouldn't view ${lm://Field/5} negatively at all,I'd view ${lm://Field/5} very negatively,I wouldn't view ${lm://Field/5} negatively at all,I wouldn't view ${lm://Field/5} negatively at all,I wouldn't view ${lm://Field/5} negatively at all,I'd view ${lm://Field/5} very negatively,3,I wouldn't view ${lm://Field/5} negatively at all,I'd view ${lm://Field/5} very negatively,I wouldn't view ${lm://Field/5} negatively at all,I wouldn't view ${lm://Field/5} negatively at all,I wouldn't view ${lm://Field/5} negatively at all,3,4,3,I'd view ${lm://Field/5} very negatively,5,5,I'd view ${lm://Field/5} very negatively,I'd view ${lm://Field/5} very negatively,I wouldn't view ${lm://Field/5} negatively at all,2,3,I wouldn't view ${lm://Field/5} negatively at all,I wouldn't view ${lm://Field/5} negatively at all,I wouldn't view ${lm://Field/5} negatively at all,I'd view ${lm://Field/5} very negatively,2
Female,21,6,6,a lot of shame,6,a lot of shame,3,a lot of shame,a lot of shame,6,a lot of shame,a lot of shame,5,5,a lot of shame,5,a lot of shame,4,a lot of shame,5,a lot of shame,a lot of shame,4,6,6,a lot of shame,6,6,6,6
Female,18,5,3,I'd view ${lm://Field/5} very negatively,2,3,I wouldn't view ${lm://Field/5} negatively at all,6,3,2,I'd view ${lm://Field/5} very negatively,3,2,2,2,I wouldn't view ${lm://Field/5} negatively at all,2,4,4,5,6,I'd view ${lm://Field/5} very negatively,I wouldn't view ${lm://Field/5} negatively at all,3,6,4,I wouldn't view ${lm://Field/5} negatively at all,2,5,5
Female,18,2,I wouldn't view ${lm://Field/5} negatively at all,I'd view ${lm://Field/5} very negatively,I wouldn't view ${lm://Field/5} negatively at all,2,I wouldn't view ${lm://Field/5} negatively at all,6,2,I wouldn't view ${lm://Field/5} negatively at all,6,I wouldn't view ${lm://Field/5} negatively at all,I wouldn't view ${lm://Field/5} negatively at all,I wouldn't view ${lm://Field/5} negatively at all,I wouldn't view ${lm://Field/5} negatively at all,I wouldn't view ${lm://Field/5} negatively at all,4,4,4,4,I wouldn't view ${lm://Field/5} negatively at all,6,I wouldn't view ${lm://Field/5} negatively at all,2,I'd view ${lm://Field/5} very negatively,I wouldn't view ${lm://Field/5} negatively at all,I wouldn't view ${lm://Field/5} negatively at all,I wouldn't view ${lm://Field/5} negatively at all,6,5
Male,18,2,2,a lot of shame,2,5,2,a lot of shame,a lot of shame,6,6,3,5,no shame at all,4,4,3,3,a lot of shame,5,5,6,3,a lot of shame,a lot of shame,6,4,2,6,5
Female,18,no shame at all,4,5,2,a lot of shame,no shame at all,a lot of shame,6,no shame at all,6,a lot of shame,5,3,a lot of shame,6,a lot of shame,5,a lot of shame,a lot of shame,6,5,no shame at all,a lot of shame,a lot of shame,a lot of shame,5,3,a lot of shame,6
Male,19,4,I wouldn't view ${lm://Field/5} negatively at all,I'd view ${lm://Field/5} very negatively,3,4,I wouldn't view ${lm://Field/5} negatively at all,6,4,3,6,I wouldn't view ${lm://Field/5} negatively at all,2,I wouldn't view ${lm://Field/5} negatively at all,4,I wouldn't view ${lm://Field/5} negatively at all,3,I wouldn't view ${lm://Field/5} negatively at all,4,4,6,6,I wouldn't view ${lm://Field/5} negatively at all,5,3,3,I wouldn't view ${lm://Field/5} negatively at all,2,5,4
Female,18,no shame at all,a lot of shame,a lot of shame,4,a lot of shame,no shame at all,4,a lot of shame,a lot of shame,a lot of shame,a lot of shame,2,no shame at all,a lot of shame,4,3,6,6,a lot of shame,a lot of shame,a lot of shame,no shame at all,5,a lot of shame,4,6,4,a lot of shame,5
Male,20,4,I wouldn't view ${lm://Field/5} negatively at all,I'd view ${lm://Field/5} very negatively,I wouldn't view ${lm://Field/5} negatively at all,I wouldn't view ${lm://Field/5} negatively at all,I wouldn't view ${lm://Field/5} negatively at all,5,5,I wouldn't view ${lm://Field/5} negatively at all,5,I wouldn't view ${lm://Field/5} negatively at all,I wouldn't view ${lm://Field/5} negatively at all,I wouldn't view ${lm://Field/5} negatively at all,I wouldn't view ${lm://Field/5} negatively at all,I'd view ${lm://Field/5} very negatively,4,I wouldn't view ${lm://Field/5} negatively at all,I wouldn't view ${lm://Field/5} negatively at all,5,6,I'd view ${lm://Field/5} very negatively,I wouldn't view ${lm://Field/5} negatively at all,4,4,I wouldn't view ${lm://Field/5} negatively at all,I wouldn't view ${lm://Field/5} negatively at all,I wouldn't view ${lm://Field/5} negatively at all,I'd view ${lm://Field/5} very negatively,I wouldn't view ${lm://Field/5} negatively at all
Male,18,3,5,a lot of shame,3,4,no shame at all,a lot of shame,5,3,5,5,3,4,5,no shame at all,3,3,a lot of shame,5,a lot of shame,a lot of shame,5,5,6,5,4,5,a lot of shame,4
Female,24,2,I wouldn't view ${lm://Field/5} negatively at all,5,4,I wouldn't view ${lm://Field/5} negatively at all,I wouldn't view ${lm://Field/5} negatively at all,6,6,3,5,2,3,I wouldn't view ${lm://Field/5} negatively at all,2,2,5,2,4,5,5,I'd view ${lm://Field/5} very negatively,I wouldn't view ${lm://Field/5} negatively at all,I wouldn't view ${lm://Field/5} negatively at all,5,I wouldn't view ${lm://Field/5} negatively at all,I wouldn't view ${lm://Field/5} negatively at all,I wouldn't view ${lm://Field/5} negatively at all,5,6
Female,20,I wouldn't view ${lm://Field/5} negatively at all,I wouldn't view ${lm://Field/5} negatively at all,I'd view ${lm://Field/5} very negatively,I wouldn't view ${lm://Field/5} negatively at all,I wouldn't view ${lm://Field/5} negatively at all,I wouldn't view ${lm://Field/5} negatively at all,I'd view ${lm://Field/5} very negatively,I'd view ${lm://Field/5} very negatively,I wouldn't view ${lm://Field/5} negatively at all,I wouldn't view ${lm://Field/5} negatively at all,2,I wouldn't view ${lm://Field/5} negatively at all,I wouldn't view ${lm://Field/5} negatively at all,I wouldn't view ${lm://Field/5} negatively at all,I wouldn't view ${lm://Field/5} negatively at all,I wouldn't view ${lm://Field/5} negatively at all,I wouldn't view ${lm://Field/5} negatively at all,I wouldn't view ${lm://Field/5} negatively at all,I wouldn't view ${lm://Field/5} negatively at all,I wouldn't view ${lm://Field/5} negatively at all,I wouldn't view ${lm://Field/5} negatively at all,I wouldn't view ${lm://Field/5} negatively at all,4,I wouldn't view ${lm://Field/5} negatively at all,I wouldn't view ${lm://Field/5} negatively at all,2,I wouldn't view ${lm://Field/5} negatively at all,I wouldn't view ${lm://Field/5} negatively at all,2
Male,24,no shame at all,6,a lot of shame,a lot of shame,a lot of shame,2,4,a lot of shame,6,a lot of shame,a lot of shame,no shame at all,no shame at all,2,a lot of shame,5,4,4,6,5,3,a lot of shame,a lot of shame,no shame at all,5,no shame at all,5,a lot of shame,a lot of shame
Female,20,no shame at all,6,a lot of shame,5,2,no shame at all,a lot of shame,a lot of shame,3,a lot of shame,5,no shame at all,2,a lot of shame,5,6,6,3,5,a lot of shame,a lot of shame,no shame at all,6,4,6,3,4,a lot of shame,5
Male,18,5,I wouldn't view ${lm://Field/5} negatively at all,I wouldn't view ${lm://Field/5} negatively at all,I wouldn't view ${lm://Field/5} negatively at all,I wouldn't view ${lm://Field/5} negatively at all,I wouldn't view ${lm://Field/5} negatively at all,I'd view ${lm://Field/5} very negatively,I wouldn't view ${lm://Field/5} negatively at all,I wouldn't view ${lm://Field/5} negatively at all,5,I wouldn't view ${lm://Field/5} negatively at all,I wouldn't view ${lm://Field/5} negatively at all,I wouldn't view ${lm://Field/5} negatively at all,I wouldn't view ${lm://Field/5} negatively at all,I wouldn't view ${lm://Field/5} negatively at all,I wouldn't view ${lm://Field/5} negatively at all,I wouldn't view ${lm://Field/5} negatively at all,I wouldn't view ${lm://Field/5} negatively at all,5,I'd view ${lm://Field/5} very negatively,I'd view ${lm://Field/5} very negatively,I wouldn't view ${lm://Field/5} negatively at all,4,6,I wouldn't view ${lm://Field/5} negatively at all,I wouldn't view ${lm://Field/5} negatively at all,I wouldn't view ${lm://Field/5} negatively at all,I wouldn't view ${lm://Field/5} negatively at all,4
Female,25,no shame at all,6,a lot of shame,5,2,6,a lot of shame,a lot of shame,no shame at all,6,a lot of shame,5,6,no shame at all,a lot of shame,a lot of shame,no shame at all,no shame at all,no shame at all,no shame at all,a lot of shame,a lot of shame,a lot of shame,a lot of shame,3,6,4,6,5
Female,24,5,I wouldn't view ${lm://Field/5} negatively at all,I'd view ${lm://Field/5} very negatively,4,2,I wouldn't view ${lm://Field/5} negatively at all,6,4,I wouldn't view ${lm://Field/5} negatively at all,6,I wouldn't view ${lm://Field/5} negatively at all,2,I wouldn't view ${lm://Field/5} negatively at all,2,4,4,3,5,5,5,6,I wouldn't view ${lm://Field/5} negatively at all,5,3,I wouldn't view ${lm://Field/5} negatively at all,I wouldn't view ${lm://Field/5} negatively at all,I wouldn't view ${lm://Field/5} negatively at all,6,5
Male,19,I wouldn't view ${lm://Field/5} negatively at all,2,4,2,4,I wouldn't view ${lm://Field/5} negatively at all,5,5,I wouldn't view ${lm://Field/5} negatively at all,5,5,3,I wouldn't view ${lm://Field/5} negatively at all,I wouldn't view ${lm://Field/5} negatively at all,I'd view ${lm://Field/5} very negatively,3,I wouldn't view ${lm://Field/5} negatively at all,3,5,5,6,I wouldn't view ${lm://Field/5} negatively at all,I'd view ${lm://Field/5} very negatively,5,2,3,2,5,I'd view ${lm://Field/5} very negatively
Female,44,a lot of shame,6,a lot of shame,no shame at all,4,no shame at all,a lot of shame,a lot of shame,a lot of shame,a lot of shame,a lot of shame,no shame at all,no shame at all,a lot of shame,no shame at all,no shame at all,a lot of shame,a lot of shame,a lot of shame,a lot of shame,a lot of shame,no shame at all,5,a lot of shame,no shame at all,a lot of shame,no shame at all,a lot of shame,no shame at all
Male,22,5,2,a lot of shame,2,3,2,6,6,6,a lot of shame,3,no shame at all,3,6,no shame at all,a lot of shame,4,a lot of shame,5,6,6,no shame at all,2,4,6,5,5,4,2
Female,19,I wouldn't view ${lm://Field/5} negatively at all,I wouldn't view ${lm://Field/5} negatively at all,I'd view ${lm://Field/5} very negatively,4,I wouldn't view ${lm://Field/5} negatively at all,I wouldn't view ${lm://Field/5} negatively at all,I'd view ${lm://Field/5} very negatively,2,I wouldn't view ${lm://Field/5} negatively at all,I'd view ${lm://Field/5} very negatively,I wouldn't view ${lm://Field/5} negatively at all,I wouldn't view ${lm://Field/5} negatively at all,3,I wouldn't view ${lm://Field/5} negatively at all,I wouldn't view ${lm://Field/5} negatively at all,3,4,5,I'd view ${lm://Field/5} very negatively,6,I'd view ${lm://Field/5} very negatively,I wouldn't view ${lm://Field/5} negatively at all,I wouldn't view ${lm://Field/5} negatively at all,5,I wouldn't view ${lm://Field/5} negatively at all,I wouldn't view ${lm://Field/5} negatively at all,I wouldn't view ${lm://Field/5} negatively at all,I'd view ${lm://Field/5} very negatively,5
Female,18,3,4,a lot of shame,3,2,no shame at all,a lot of shame,5,no shame at all,a lot of shame,2,a lot of shame,3,3,a lot of shame,a lot of shame,5,a lot of shame,6,6,6,4,6,a lot of shame,6,3,2,3,6
Female,18,I'd view ${lm://Field/5} very negatively,2,I'd view ${lm://Field/5} very negatively,3,2,I wouldn't view ${lm://Field/5} negatively at all,I'd view ${lm://Field/5} very negatively,2,I wouldn't view ${lm://Field/5} negatively at all,I'd view ${lm://Field/5} very negatively,2,3,I wouldn't view ${lm://Field/5} negatively at all,2,2,2,3,4,5,I'd view ${lm://Field/5} very negatively,6,I wouldn't view ${lm://Field/5} negatively at all,2,4,2,2,I wouldn't view ${lm://Field/5} negatively at all,6,5
Female,37,a lot of shame,5,a lot of shame,4,3,2,5,5,2,4,a lot of shame,4,4,4,4,3,4,2,4,5,6,no shame at all,4,5,3,3,3,5,4
