StartDate,EndDate,Status,IPAddress,Progress,Duration (in seconds),Finished,RecordedDate,ResponseId,RecipientLastName,RecipientFirstName,RecipientEmail,ExternalReference,LocationLatitude,LocationLongitude,DistributionChannel,UserLanguage,Q110,Q234,1_shameinstr,1_A1,1_A2,1_A3,1_A4,1_A5,1_A6,1_A7,1_A8,1_A9,1_A10,1_A11,1_A12,1_A13,1_A14,1_A15,1_A16,1_A17,1_A18,1_A19,1_A20,1_A21,1_A22,1_A23,1_A24,1_A25,1_A26,1_A27,1_A28,1_A29,2_shameinstr,2_A1,2_A2,2_A3,2_A4,2_A5,2_A6,2_A7,2_A8,2_A9,2_A10,2_A11,2_A12,2_A13,2_A14,2_A15,2_A16,2_A17,2_A18,2_A19,2_A20,2_A21,2_A22,2_A23,2_A24,2_A25,2_A26,2_A27,2_A28,2_A29,1_devalinstr,1_C1,1_C2,1_C3,1_C4,1_C5,1_C6,1_C7,1_C8,1_C9,1_C10,1_C11,1_C12,1_C13,1_C14,1_C15,1_C16,1_C17,1_C18,1_C19,1_C20,1_C21,1_C22,1_C23,1_C24,1_C25,1_C26,1_C27,1_C28,1_C29,2_devalinstr,2_C1,2_C2,2_C3,2_C4,2_C5,2_C6,2_C7,2_C8,2_C9,2_C10,2_C11,2_C12,2_C13,2_C14,2_C15,2_C16,2_C17,2_C18,2_C19,2_C20,2_C21,2_C22,2_C23,2_C24,2_C25,2_C26,2_C27,2_C28,2_C29,age,comment,mturkcode
Start Date,End Date,Response Type,IP Address,Progress,Duration (in seconds),Finished,Recorded Date,Response ID,Recipient Last Name,Recipient First Name,Recipient Email,External Data Reference,Location Latitude,Location Longitude,Distribution Channel,User Language,Consent,What is your sex?,"Male - Next, we will ask you to imagine a number of hypothetical situations. We ask you to indicate how much shame you would feel if you were in the those situations. 

	 

	Please imagine each situation as vividly as you can and answer as honestly and accurately as possible.","Male - You are single. You
have a promiscuous sexual life with [Field-6].","Male - You were in an accident
and your face was permanently disfigured.","Male - At the wedding
of an acquaintance, you are discovered cheating on your [Field-7] with a food server.",Male - You look ten years older than you are.,"Male - You host your
extended family for a holiday meal, but you burn the food.",Male - Your [Field-7] makes more money than you do.,Male - You do a bad job taking care of your children.,Male - You cannot support your children economically.,"Male - You receive welfare
money from the government because you cannot financially support your family.","Male - Everyone discovers
that you are sexually unfaithful to your [Field-7].","Male - Everyone discovers
that your [Field-7] is sexually unfaithful to you.","Male - You are playing
a throwing game with your friends. All your throws miss the target by a wide
margin.","Male - You come from a very
poor family with low status and no connections.","Male - Your brother stole money from a stranger.  

	 

	How much shame would you feel about your brother stealing money from the stranger?","Male - Your brother stole money from a stranger. As soon as you found out about that, you reported him to the police.



How much shame would you feel about reporting your brother to the police?","Male - You are not very
smart.","Male - Your father defrauded
a foreign company.","Male - You dropped out of
school much earlier than others.","Male - You have poor table
manners.","Male - You stole goods
from a shop owned by a foreign merchant.","Male - You stole goods from
a shop owned by your neighbor.","Male - You have no idea how
to load or fire a gun.","Male - An acquaintance is inappropriately
flirting with your [Field-7] in front of
everybody. Because you’re too scared to pick a fight with your rival you remain
silent without doing or saying anything.","Male - You get into a fight in
front of everybody and your opponent completely dominates you with punch after
punch until you’re knocked out.","Male - You are performing a
ceremony in front of your community. In the middle of it, your mind goes blank
and you forget what to do next.",Male - You are not physically attractive.,Male - You are poor.,Male - You are not generous with others.,Male - You are not very ambitious.,"Female - Next, we will ask you to imagine a number of hypothetical situations. We ask you to indicate how much shame you would feel if you were in the those situations. 

	 

	Please imagine each situation as vividly as you can and answer as honestly and accurately as possible.","Female - You are single. You
have a promiscuous sexual life with [Field-6].","Female - You were in an accident
and your face was permanently disfigured.","Female - At the wedding
of an acquaintance, you are discovered cheating on your [Field-7] with a food server.",Female - You look ten years older than you are.,"Female - You host your
extended family for a holiday meal, but you burn the food.",Female - Your [Field-7] makes more money than you do.,Female - You do a bad job taking care of your children.,Female - You cannot support your children economically.,"Female - You receive welfare
money from the government because you cannot financially support your family.","Female - Everyone discovers
that you are sexually unfaithful to your [Field-7].","Female - Everyone discovers
that your [Field-7] is sexually unfaithful to you.","Female - You are playing
a throwing game with your friends. All your throws miss the target by a wide
margin.","Female - You come from a very
poor family with low status and no connections.","Female - Your brother stole money from a stranger.  

	 

	How much shame would you feel about your brother stealing money from the stranger?","Female - Your brother stole money from a stranger. As soon as you found out about that, you reported him to the police.



How much shame would you feel about reporting your brother to the police?","Female - You are not very
smart.","Female - Your father defrauded
a foreign company.","Female - You dropped out of
school much earlier than others.","Female - You have poor table
manners.","Female - You stole goods
from a shop owned by a foreign merchant.","Female - You stole goods from
a shop owned by your neighbor.","Female - You have no idea how
to load or fire a gun.","Female - An acquaintance is inappropriately
flirting with your [Field-7] in front of
everybody. Because you’re too scared to pick a fight with your rival you remain
silent without doing or saying anything.","Female - You get into a fight in
front of everybody and your opponent completely dominates you with punch after
punch until you’re knocked out.","Female - You are performing a
ceremony in front of your community. In the middle of it, your mind goes blank
and you forget what to do next.",Female - You are not physically attractive.,Female - You are poor.,Female - You are not generous with others.,Female - You are not very ambitious.,"Male - Next, we will ask you to imagine a number of hypothetical situations. Imagine that those situations happen to someone of your same sex and age. We ask you to indicate how you would view this person if they were in those situations. 

	 
Please imagine each situation as vividly as you can and answer as honestly and accurately as possible.",Male - [Field-3] is single. [Field-3] has a promiscuous sexual life with [Field-6].,Male - [Field-3] was in an accident and [Field-4] face was permanently disfigured.,"Male - At the wedding of an
acquaintance, [Field-2] is discovered cheating on [Field-4] [Field-7] with a food server.",Male - [Field-3] looks ten years older than [Field-2] is.,"Male - [Field-3] hosts [Field-4] extended family for a holiday meal, but [Field-2] burns the food.",Male - [Field-8] [Field-7] makes more money than [Field-2] does.,Male - [Field-3] does a bad job taking care of [Field-4] children.,Male - [Field-3] cannot support [Field-4] children economically.,"Male - [Field-3] receives welfare
money from the government because [Field-2]
cannot financially support [Field-4] family.","Male - Everyone discovers
that [Field-2] is sexually unfaithful to [Field-4] [Field-7].","Male - Everyone discovers
that [Field-4] [Field-7] is
sexually unfaithful to [Field-5].","Male - [Field-3] is playing a
throwing game with [Field-4] friends. All [Field-4] throws miss the target by a wide margin.","Male - [Field-3] comes from a very
poor family with low status and no connections.","Male - [Field-8] brother stole money from a stranger.



How negatively would you view [Field-5] due to [Field-4] brother stealing money from the stranger?","Male - [Field-8] brother stole money from a stranger. As soon as [Field-2] found out about that, [Field-2] reported him to the police.  



How negatively would you view [Field-5] due to [Field-4] reporting [Field-4] brother to the police?",Male - [Field-3] is not very smart.,"Male - [Field-8] father defrauded a
foreign company.","Male - [Field-3] dropped out of
school much earlier than others.","Male - [Field-3] has poor table
manners.","Male - [Field-3] stole goods from a
shop owned by a foreign merchant.","Male - [Field-3] stole goods from a
shop owned by [Field-4] neighbor.","Male - [Field-3] has no idea how to
load or fire a gun.","Male - Somebody is inappropriately
flirting with [Field-4] [Field-7] in
front of everybody. Because [Field-2]’s too scared to pick a
fight with [Field-4] rival [Field-2]
remains silent without doing or saying anything.","Male - [Field-3] gets into a fight in
front of everybody and [Field-4] opponent completely
dominates [Field-5] with punch after punch until [Field-2]’s knocked out.","Male - [Field-3] is performing a
ceremony in front of [Field-4] community. In the middle
of it, [Field-4] mind goes blank and [Field-2] forgets what to do next.",Male - [Field-3] is not physically attractive.,Male - [Field-3] is poor.,Male - [Field-3] is not generous with others.,Male - [Field-3] is not very ambitious.,"Female - Next, we will ask you to imagine a number of hypothetical situations. Imagine that those situations happen to someone of your same sex and age. We ask you to indicate how you would view this person if they were in those situations. 

	 
Please imagine each situation as vividly as you can and answer as honestly and accurately as possible.",Female - [Field-3] is single. [Field-3] has a promiscuous sexual life with [Field-6].,Female - [Field-3] was in an accident and [Field-4] face was permanently disfigured.,"Female - At the wedding of an
acquaintance, [Field-2] is discovered cheating on [Field-4] [Field-7] with a food server.",Female - [Field-3] looks ten years older than [Field-2] is.,"Female - [Field-3] hosts [Field-4] extended family for a holiday meal, but [Field-2] burns the food.",Female - [Field-8] [Field-7] makes more money than [Field-2] does.,Female - [Field-3] does a bad job taking care of [Field-4] children.,Female - [Field-3] cannot support [Field-4] children economically.,"Female - [Field-3] receives welfare
money from the government because [Field-2]
cannot financially support [Field-4] family.","Female - Everyone discovers
that [Field-2] is sexually unfaithful to [Field-4] [Field-7].","Female - Everyone discovers
that [Field-4] [Field-7] is
sexually unfaithful to [Field-5].","Female - [Field-3] is playing a
throwing game with [Field-4] friends. All [Field-4] throws miss the target by a wide margin.","Female - [Field-3] comes from a very
poor family with low status and no connections.","Female - [Field-8] brother stole money from a stranger.



How negatively would you view [Field-5] due to [Field-4] brother stealing money from the stranger?","Female - [Field-8] brother stole money from a stranger. As soon as [Field-2] found out about that, [Field-2] reported him to the police.  



How negatively would you view [Field-5] due to [Field-4] reporting [Field-4] brother to the police?",Female - [Field-3] is not very smart.,"Female - [Field-8] father defrauded a
foreign company.","Female - [Field-3] dropped out of
school much earlier than others.","Female - [Field-3] has poor table
manners.","Female - [Field-3] stole goods from a
shop owned by a foreign merchant.","Female - [Field-3] stole goods from a
shop owned by [Field-4] neighbor.","Female - [Field-3] has no idea how to
load or fire a gun.","Female - Somebody is inappropriately
flirting with [Field-4] [Field-7] in
front of everybody. Because [Field-2]’s too scared to pick a
fight with [Field-4] rival [Field-2]
remains silent without doing or saying anything.","Female - [Field-3] gets into a fight in
front of everybody and [Field-4] opponent completely
dominates [Field-5] with punch after punch until [Field-2]’s knocked out.","Female - [Field-3] is performing a
ceremony in front of [Field-4] community. In the middle
of it, [Field-4] mind goes blank and [Field-2] forgets what to do next.",Female - [Field-3] is not physically attractive.,Female - [Field-3] is poor.,Female - [Field-3] is not generous with others.,Female - [Field-3] is not very ambitious.,What is your age? (type answer),comment,mturkcode
"{""ImportId"":""startDate"",""timeZone"":""America/New_York""}","{""ImportId"":""endDate"",""timeZone"":""America/New_York""}","{""ImportId"":""status""}","{""ImportId"":""ipAddress""}","{""ImportId"":""progress""}","{""ImportId"":""duration""}","{""ImportId"":""finished""}","{""ImportId"":""recordedDate"",""timeZone"":""America/New_York""}","{""ImportId"":""_recordId""}","{""ImportId"":""recipientLastName""}","{""ImportId"":""recipientFirstName""}","{""ImportId"":""recipientEmail""}","{""ImportId"":""externalDataReference""}","{""ImportId"":""locationLatitude""}","{""ImportId"":""locationLongitude""}","{""ImportId"":""distributionChannel""}","{""ImportId"":""userLanguage""}","{""ImportId"":""QID55""}","{""ImportId"":""QID271""}","{""ImportId"":""1_QID1""}","{""ImportId"":""1_QID2""}","{""ImportId"":""1_QID3""}","{""ImportId"":""1_QID4""}","{""ImportId"":""1_QID272""}","{""ImportId"":""1_QID273""}","{""ImportId"":""1_QID274""}","{""ImportId"":""1_QID275""}","{""ImportId"":""1_QID276""}","{""ImportId"":""1_QID277""}","{""ImportId"":""1_QID278""}","{""ImportId"":""1_QID279""}","{""ImportId"":""1_QID280""}","{""ImportId"":""1_QID281""}","{""ImportId"":""1_QID282""}","{""ImportId"":""1_QID283""}","{""ImportId"":""1_QID284""}","{""ImportId"":""1_QID285""}","{""ImportId"":""1_QID286""}","{""ImportId"":""1_QID287""}","{""ImportId"":""1_QID288""}","{""ImportId"":""1_QID294""}","{""ImportId"":""1_QID289""}","{""ImportId"":""1_QID290""}","{""ImportId"":""1_QID291""}","{""ImportId"":""1_QID292""}","{""ImportId"":""1_QID443""}","{""ImportId"":""1_QID444""}","{""ImportId"":""1_QID445""}","{""ImportId"":""1_QID446""}","{""ImportId"":""2_QID1""}","{""ImportId"":""2_QID2""}","{""ImportId"":""2_QID3""}","{""ImportId"":""2_QID4""}","{""ImportId"":""2_QID272""}","{""ImportId"":""2_QID273""}","{""ImportId"":""2_QID274""}","{""ImportId"":""2_QID275""}","{""ImportId"":""2_QID276""}","{""ImportId"":""2_QID277""}","{""ImportId"":""2_QID278""}","{""ImportId"":""2_QID279""}","{""ImportId"":""2_QID280""}","{""ImportId"":""2_QID281""}","{""ImportId"":""2_QID282""}","{""ImportId"":""2_QID283""}","{""ImportId"":""2_QID284""}","{""ImportId"":""2_QID285""}","{""ImportId"":""2_QID286""}","{""ImportId"":""2_QID287""}","{""ImportId"":""2_QID288""}","{""ImportId"":""2_QID294""}","{""ImportId"":""2_QID289""}","{""ImportId"":""2_QID290""}","{""ImportId"":""2_QID291""}","{""ImportId"":""2_QID292""}","{""ImportId"":""2_QID443""}","{""ImportId"":""2_QID444""}","{""ImportId"":""2_QID445""}","{""ImportId"":""2_QID446""}","{""ImportId"":""1_QID28""}","{""ImportId"":""1_QID29""}","{""ImportId"":""1_QID346""}","{""ImportId"":""1_QID347""}","{""ImportId"":""1_QID348""}","{""ImportId"":""1_QID349""}","{""ImportId"":""1_QID350""}","{""ImportId"":""1_QID351""}","{""ImportId"":""1_QID352""}","{""ImportId"":""1_QID353""}","{""ImportId"":""1_QID354""}","{""ImportId"":""1_QID355""}","{""ImportId"":""1_QID356""}","{""ImportId"":""1_QID357""}","{""ImportId"":""1_QID358""}","{""ImportId"":""1_QID359""}","{""ImportId"":""1_QID360""}","{""ImportId"":""1_QID361""}","{""ImportId"":""1_QID362""}","{""ImportId"":""1_QID363""}","{""ImportId"":""1_QID364""}","{""ImportId"":""1_QID365""}","{""ImportId"":""1_QID366""}","{""ImportId"":""1_QID367""}","{""ImportId"":""1_QID368""}","{""ImportId"":""1_QID369""}","{""ImportId"":""1_QID447""}","{""ImportId"":""1_QID448""}","{""ImportId"":""1_QID449""}","{""ImportId"":""1_QID450""}","{""ImportId"":""2_QID28""}","{""ImportId"":""2_QID29""}","{""ImportId"":""2_QID346""}","{""ImportId"":""2_QID347""}","{""ImportId"":""2_QID348""}","{""ImportId"":""2_QID349""}","{""ImportId"":""2_QID350""}","{""ImportId"":""2_QID351""}","{""ImportId"":""2_QID352""}","{""ImportId"":""2_QID353""}","{""ImportId"":""2_QID354""}","{""ImportId"":""2_QID355""}","{""ImportId"":""2_QID356""}","{""ImportId"":""2_QID357""}","{""ImportId"":""2_QID358""}","{""ImportId"":""2_QID359""}","{""ImportId"":""2_QID360""}","{""ImportId"":""2_QID361""}","{""ImportId"":""2_QID362""}","{""ImportId"":""2_QID363""}","{""ImportId"":""2_QID364""}","{""ImportId"":""2_QID365""}","{""ImportId"":""2_QID366""}","{""ImportId"":""2_QID367""}","{""ImportId"":""2_QID368""}","{""ImportId"":""2_QID369""}","{""ImportId"":""2_QID447""}","{""ImportId"":""2_QID448""}","{""ImportId"":""2_QID449""}","{""ImportId"":""2_QID450""}","{""ImportId"":""QID172_TEXT""}","{""ImportId"":""QID191_TEXT""}","{""ImportId"":""mturkcode""}"
2018-01-22 19:46:50,2018-01-22 20:03:43,IP Address,128.171.41.11,100,1012,True,2018-01-22 20:03:44,R_ysTMvJjPiWQKc2B,,,,,21.306900024414,-157.85830688477,anonymous,EN,I have read the above information and agree to participate,Female,,,,,,,,,,,,,,,,,,,,,,,,,,,,,,,,2,5,6,6,3,2,6,6,5,a lot of shame,6,6,3,5,5,4,6,4,3,5,6,2,6,6,4,5,4,6,5,,,,,,,,,,,,,,,,,,,,,,,,,,,,,,,,,,,,,,,,,,,,,,,,,,,,,,,,,,,,,23,,814622
2018-01-22 19:45:29,2018-01-22 20:04:59,IP Address,128.171.41.22,100,1170,True,2018-01-22 20:05:00,R_2Xh2FkKexgDdets,,,,,21.306900024414,-157.85830688477,anonymous,EN,I have read the above information and agree to participate,Male,,,,,,,,,,,,,,,,,,,,,,,,,,,,,,,,,,,,,,,,,,,,,,,,,,,,,,,,,,,,,,I wouldn't view ${lm://Field/5} negatively at all,I wouldn't view ${lm://Field/5} negatively at all,I'd view ${lm://Field/5} very negatively,I wouldn't view ${lm://Field/5} negatively at all,I wouldn't view ${lm://Field/5} negatively at all,I wouldn't view ${lm://Field/5} negatively at all,6,I wouldn't view ${lm://Field/5} negatively at all,I wouldn't view ${lm://Field/5} negatively at all,I'd view ${lm://Field/5} very negatively,I wouldn't view ${lm://Field/5} negatively at all,I wouldn't view ${lm://Field/5} negatively at all,I wouldn't view ${lm://Field/5} negatively at all,I wouldn't view ${lm://Field/5} negatively at all,I wouldn't view ${lm://Field/5} negatively at all,I wouldn't view ${lm://Field/5} negatively at all,I wouldn't view ${lm://Field/5} negatively at all,I wouldn't view ${lm://Field/5} negatively at all,I wouldn't view ${lm://Field/5} negatively at all,4,4,I wouldn't view ${lm://Field/5} negatively at all,I wouldn't view ${lm://Field/5} negatively at all,I wouldn't view ${lm://Field/5} negatively at all,I wouldn't view ${lm://Field/5} negatively at all,I wouldn't view ${lm://Field/5} negatively at all,I wouldn't view ${lm://Field/5} negatively at all,3,I wouldn't view ${lm://Field/5} negatively at all,,,,,,,,,,,,,,,,,,,,,,,,,,,,,,,22,"Well balanced questions, makes for a good survey of character and moral complexity of the individual being surveyed.",730182
2018-01-22 19:45:17,2018-01-22 20:05:15,IP Address,128.171.41.16,100,1197,True,2018-01-22 20:05:15,R_xt4okwMvbuLuMlb,,,,,21.306900024414,-157.85830688477,anonymous,EN,I have read the above information and agree to participate,Female,,,,,,,,,,,,,,,,,,,,,,,,,,,,,,,,,,,,,,,,,,,,,,,,,,,,,,,,,,,,,,,,,,,,,,,,,,,,,,,,,,,,,,,,,,,,4,2,I'd view ${lm://Field/5} very negatively,I wouldn't view ${lm://Field/5} negatively at all,2,I wouldn't view ${lm://Field/5} negatively at all,5,I wouldn't view ${lm://Field/5} negatively at all,I wouldn't view ${lm://Field/5} negatively at all,I'd view ${lm://Field/5} very negatively,2,2,2,I wouldn't view ${lm://Field/5} negatively at all,3,I wouldn't view ${lm://Field/5} negatively at all,2,3,4,6,I'd view ${lm://Field/5} very negatively,I wouldn't view ${lm://Field/5} negatively at all,2,2,2,I wouldn't view ${lm://Field/5} negatively at all,I wouldn't view ${lm://Field/5} negatively at all,5,2,18,,146300
2018-01-22 19:46:56,2018-01-22 20:05:26,IP Address,128.171.41.10,100,1109,True,2018-01-22 20:05:27,R_25XvmxusEoZeza0,,,,,21.306900024414,-157.85830688477,anonymous,EN,I have read the above information and agree to participate,Male,,3,2,6,no shame at all,3,no shame at all,6,6,3,6,4,4,no shame at all,6,4,3,3,4,4,6,6,4,5,5,3,2,2,6,3,,,,,,,,,,,,,,,,,,,,,,,,,,,,,,,,,,,,,,,,,,,,,,,,,,,,,,,,,,,,,,,,,,,,,,,,,,,,,,,,,,,,,,,,,,,23,,473228
2018-01-22 19:46:01,2018-01-22 20:06:34,IP Address,128.171.41.17,100,1233,True,2018-01-22 20:06:35,R_3PQT6ekggL2zHvH,,,,,21.306900024414,-157.85830688477,anonymous,EN,I have read the above information and agree to participate,Female,,,,,,,,,,,,,,,,,,,,,,,,,,,,,,,,2,a lot of shame,a lot of shame,4,6,4,a lot of shame,6,5,6,6,4,4,6,2,6,5,6,6,a lot of shame,6,no shame at all,a lot of shame,a lot of shame,a lot of shame,a lot of shame,5,6,6,,,,,,,,,,,,,,,,,,,,,,,,,,,,,,,,,,,,,,,,,,,,,,,,,,,,,,,,,,,,,20,,396344
2018-01-22 19:46:53,2018-01-22 20:08:41,IP Address,128.171.41.23,100,1307,True,2018-01-22 20:08:42,R_WvoA5uV8bd0ScIp,,,,,21.306900024414,-157.85830688477,anonymous,EN,I have read the above information and agree to participate,Male,,,,,,,,,,,,,,,,,,,,,,,,,,,,,,,,,,,,,,,,,,,,,,,,,,,,,,,,,,,,,,4,I wouldn't view ${lm://Field/5} negatively at all,3,I wouldn't view ${lm://Field/5} negatively at all,2,6,4,5,I wouldn't view ${lm://Field/5} negatively at all,4,5,2,2,4,4,2,3,6,6,I'd view ${lm://Field/5} very negatively,6,3,I'd view ${lm://Field/5} very negatively,I'd view ${lm://Field/5} very negatively,3,2,I wouldn't view ${lm://Field/5} negatively at all,2,3,,,,,,,,,,,,,,,,,,,,,,,,,,,,,,,19,it should be positive- negative. not just non-negative to negative,130257
2018-01-22 20:05:15,2018-01-22 20:09:02,IP Address,128.171.41.13,100,227,True,2018-01-22 20:09:03,R_1hG7U5DDGQb6hBd,,,,,21.306900024414,-157.85830688477,anonymous,EN,I have read the above information and agree to participate,Female,,,,,,,,,,,,,,,,,,,,,,,,,,,,,,,,,,,,,,,,,,,,,,,,,,,,,,,,,,,,,,,,,,,,,,,,,,,,,,,,,,,,,,,,,,,,I wouldn't view ${lm://Field/5} negatively at all,I wouldn't view ${lm://Field/5} negatively at all,I'd view ${lm://Field/5} very negatively,4,I wouldn't view ${lm://Field/5} negatively at all,4,4,4,I wouldn't view ${lm://Field/5} negatively at all,I'd view ${lm://Field/5} very negatively,I wouldn't view ${lm://Field/5} negatively at all,4,I wouldn't view ${lm://Field/5} negatively at all,4,4,4,4,I wouldn't view ${lm://Field/5} negatively at all,4,I'd view ${lm://Field/5} very negatively,I'd view ${lm://Field/5} very negatively,I wouldn't view ${lm://Field/5} negatively at all,4,4,4,4,I wouldn't view ${lm://Field/5} negatively at all,3,4,22,,451634
2018-01-22 20:06:07,2018-01-22 20:09:29,IP Address,128.171.41.14,100,202,True,2018-01-22 20:09:30,R_3rGP0APTjYVhImw,,,,,21.306900024414,-157.85830688477,anonymous,EN,I have read the above information and agree to participate,Female,,,,,,,,,,,,,,,,,,,,,,,,,,,,,,,,a lot of shame,a lot of shame,a lot of shame,a lot of shame,5,6,a lot of shame,a lot of shame,a lot of shame,a lot of shame,a lot of shame,5,a lot of shame,a lot of shame,5,a lot of shame,a lot of shame,a lot of shame,5,5,a lot of shame,no shame at all,a lot of shame,a lot of shame,a lot of shame,a lot of shame,a lot of shame,a lot of shame,6,,,,,,,,,,,,,,,,,,,,,,,,,,,,,,,,,,,,,,,,,,,,,,,,,,,,,,,,,,,,,18,psychologically makes you think about scenarios,950893
2018-01-22 20:05:53,2018-01-22 20:11:10,IP Address,128.171.41.8,100,317,True,2018-01-22 20:11:11,R_YQ718x3TlfGfs3L,,,,,21.306900024414,-157.85830688477,anonymous,EN,I have read the above information and agree to participate,Female,,,,,,,,,,,,,,,,,,,,,,,,,,,,,,,,no shame at all,4,a lot of shame,6,6,2,a lot of shame,a lot of shame,4,5,6,5,6,5,5,5,4,4,5,5,6,no shame at all,3,6,5,4,4,a lot of shame,2,,,,,,,,,,,,,,,,,,,,,,,,,,,,,,,,,,,,,,,,,,,,,,,,,,,,,,,,,,,,,23,,513628
2018-01-22 20:06:36,2018-01-22 20:11:41,IP Address,128.171.41.19,100,305,True,2018-01-22 20:11:42,R_3DvFmAHWAvuhT7V,,,,,21.306900024414,-157.85830688477,anonymous,EN,I have read the above information and agree to participate,Female,,,,,,,,,,,,,,,,,,,,,,,,,,,,,,,,,,,,,,,,,,,,,,,,,,,,,,,,,,,,,,,,,,,,,,,,,,,,,,,,,,,,,,,,,,,,5,I wouldn't view ${lm://Field/5} negatively at all,I'd view ${lm://Field/5} very negatively,2,3,I wouldn't view ${lm://Field/5} negatively at all,I'd view ${lm://Field/5} very negatively,6,3,I'd view ${lm://Field/5} very negatively,I wouldn't view ${lm://Field/5} negatively at all,2,2,I wouldn't view ${lm://Field/5} negatively at all,I wouldn't view ${lm://Field/5} negatively at all,2,2,6,5,I'd view ${lm://Field/5} very negatively,I'd view ${lm://Field/5} very negatively,I wouldn't view ${lm://Field/5} negatively at all,6,I wouldn't view ${lm://Field/5} negatively at all,2,6,I wouldn't view ${lm://Field/5} negatively at all,5,6,18,,834546
2018-01-22 20:07:14,2018-01-22 20:12:25,IP Address,128.171.41.20,100,311,True,2018-01-22 20:12:25,R_1SbxoTvmksvCW0V,,,,,21.306900024414,-157.85830688477,anonymous,EN,I have read the above information and agree to participate,Female,,,,,,,,,,,,,,,,,,,,,,,,,,,,,,,,no shame at all,3,a lot of shame,2,2,2,5,3,3,a lot of shame,5,2,no shame at all,5,4,2,no shame at all,6,2,a lot of shame,a lot of shame,2,4,2,2,2,2,5,4,,,,,,,,,,,,,,,,,,,,,,,,,,,,,,,,,,,,,,,,,,,,,,,,,,,,,,,,,,,,,19,,189674
2018-01-22 20:12:00,2018-01-22 20:17:04,IP Address,128.171.41.26,100,304,True,2018-01-22 20:17:05,R_2wTWKTxrpOXiCQB,,,,,21.306900024414,-157.85830688477,anonymous,EN,I have read the above information and agree to participate,Female,,,,,,,,,,,,,,,,,,,,,,,,,,,,,,,,,,,,,,,,,,,,,,,,,,,,,,,,,,,,,,,,,,,,,,,,,,,,,,,,,,,,,,,,,,,,I wouldn't view ${lm://Field/5} negatively at all,I wouldn't view ${lm://Field/5} negatively at all,I wouldn't view ${lm://Field/5} negatively at all,I wouldn't view ${lm://Field/5} negatively at all,4,I wouldn't view ${lm://Field/5} negatively at all,I'd view ${lm://Field/5} very negatively,4,5,I'd view ${lm://Field/5} very negatively,I wouldn't view ${lm://Field/5} negatively at all,I wouldn't view ${lm://Field/5} negatively at all,I wouldn't view ${lm://Field/5} negatively at all,2,4,2,3,5,2,5,5,3,4,I'd view ${lm://Field/5} very negatively,2,I wouldn't view ${lm://Field/5} negatively at all,I wouldn't view ${lm://Field/5} negatively at all,5,4,19,,890027
2018-01-22 20:13:55,2018-01-22 20:17:11,IP Address,128.171.41.15,100,196,True,2018-01-22 20:17:12,R_30orMIjvJZPtW5A,,,,,21.306900024414,-157.85830688477,anonymous,EN,I have read the above information and agree to participate,Male,,,,,,,,,,,,,,,,,,,,,,,,,,,,,,,,,,,,,,,,,,,,,,,,,,,,,,,,,,,,,,2,I wouldn't view ${lm://Field/5} negatively at all,I'd view ${lm://Field/5} very negatively,I wouldn't view ${lm://Field/5} negatively at all,I wouldn't view ${lm://Field/5} negatively at all,I wouldn't view ${lm://Field/5} negatively at all,I'd view ${lm://Field/5} very negatively,4,I wouldn't view ${lm://Field/5} negatively at all,I'd view ${lm://Field/5} very negatively,I wouldn't view ${lm://Field/5} negatively at all,I wouldn't view ${lm://Field/5} negatively at all,2,I wouldn't view ${lm://Field/5} negatively at all,6,I wouldn't view ${lm://Field/5} negatively at all,4,5,6,4,6,I wouldn't view ${lm://Field/5} negatively at all,6,3,I wouldn't view ${lm://Field/5} negatively at all,I wouldn't view ${lm://Field/5} negatively at all,2,6,6,,,,,,,,,,,,,,,,,,,,,,,,,,,,,,,18,,696199
2018-01-22 20:14:58,2018-01-22 20:17:48,IP Address,128.171.41.12,100,170,True,2018-01-22 20:17:49,R_3OoGlRhA9B5sWZC,,,,,21.306900024414,-157.85830688477,anonymous,EN,I have read the above information and agree to participate,Female,,,,,,,,,,,,,,,,,,,,,,,,,,,,,,,,4,6,a lot of shame,5,4,4,a lot of shame,a lot of shame,5,a lot of shame,a lot of shame,5,4,6,6,5,6,5,6,a lot of shame,a lot of shame,3,a lot of shame,a lot of shame,a lot of shame,5,4,5,4,,,,,,,,,,,,,,,,,,,,,,,,,,,,,,,,,,,,,,,,,,,,,,,,,,,,,,,,,,,,,21,,628183
2018-01-22 20:18:06,2018-01-22 20:21:32,IP Address,128.171.41.21,100,205,True,2018-01-22 20:21:33,R_2VHCl60lssFIpsc,,,,,21.306900024414,-157.85830688477,anonymous,EN,I have read the above information and agree to participate,Female,,,,,,,,,,,,,,,,,,,,,,,,,,,,,,,,,,,,,,,,,,,,,,,,,,,,,,,,,,,,,,,,,,,,,,,,,,,,,,,,,,,,,,,,,,,,I wouldn't view ${lm://Field/5} negatively at all,I wouldn't view ${lm://Field/5} negatively at all,6,I wouldn't view ${lm://Field/5} negatively at all,I wouldn't view ${lm://Field/5} negatively at all,I wouldn't view ${lm://Field/5} negatively at all,I'd view ${lm://Field/5} very negatively,3,I wouldn't view ${lm://Field/5} negatively at all,5,I wouldn't view ${lm://Field/5} negatively at all,I wouldn't view ${lm://Field/5} negatively at all,I wouldn't view ${lm://Field/5} negatively at all,I wouldn't view ${lm://Field/5} negatively at all,I wouldn't view ${lm://Field/5} negatively at all,I wouldn't view ${lm://Field/5} negatively at all,I wouldn't view ${lm://Field/5} negatively at all,2,2,I'd view ${lm://Field/5} very negatively,I'd view ${lm://Field/5} very negatively,I wouldn't view ${lm://Field/5} negatively at all,I wouldn't view ${lm://Field/5} negatively at all,I wouldn't view ${lm://Field/5} negatively at all,I wouldn't view ${lm://Field/5} negatively at all,I wouldn't view ${lm://Field/5} negatively at all,I wouldn't view ${lm://Field/5} negatively at all,6,2,24,,883755
2018-01-22 20:17:52,2018-01-22 20:21:48,IP Address,128.171.41.18,100,236,True,2018-01-22 20:21:49,R_1gSGvtCbrdu4g56,,,,,21.306900024414,-157.85830688477,anonymous,EN,I have read the above information and agree to participate,Female,,,,,,,,,,,,,,,,,,,,,,,,,,,,,,,,,,,,,,,,,,,,,,,,,,,,,,,,,,,,,,,,,,,,,,,,,,,,,,,,,,,,,,,,,,,,I wouldn't view ${lm://Field/5} negatively at all,I wouldn't view ${lm://Field/5} negatively at all,I'd view ${lm://Field/5} very negatively,I wouldn't view ${lm://Field/5} negatively at all,I wouldn't view ${lm://Field/5} negatively at all,I wouldn't view ${lm://Field/5} negatively at all,I'd view ${lm://Field/5} very negatively,I wouldn't view ${lm://Field/5} negatively at all,I wouldn't view ${lm://Field/5} negatively at all,I'd view ${lm://Field/5} very negatively,I wouldn't view ${lm://Field/5} negatively at all,I wouldn't view ${lm://Field/5} negatively at all,I wouldn't view ${lm://Field/5} negatively at all,I wouldn't view ${lm://Field/5} negatively at all,4,I wouldn't view ${lm://Field/5} negatively at all,I wouldn't view ${lm://Field/5} negatively at all,I wouldn't view ${lm://Field/5} negatively at all,2,I'd view ${lm://Field/5} very negatively,I'd view ${lm://Field/5} very negatively,I wouldn't view ${lm://Field/5} negatively at all,2,I wouldn't view ${lm://Field/5} negatively at all,I wouldn't view ${lm://Field/5} negatively at all,I wouldn't view ${lm://Field/5} negatively at all,I wouldn't view ${lm://Field/5} negatively at all,5,I wouldn't view ${lm://Field/5} negatively at all,19,,927363
2018-01-22 20:17:33,2018-01-22 20:23:02,IP Address,128.171.41.9,100,328,True,2018-01-22 20:23:02,R_3j8WNbzV5Gii9h6,,,,,21.306900024414,-157.85830688477,anonymous,EN,I have read the above information and agree to participate,Male,,4,5,6,2,3,2,6,5,5,a lot of shame,2,3,2,5,2,3,3,a lot of shame,3,6,6,2,6,4,6,3,4,3,2,,,,,,,,,,,,,,,,,,,,,,,,,,,,,,,,,,,,,,,,,,,,,,,,,,,,,,,,,,,,,,,,,,,,,,,,,,,,,,,,,,,,,,,,,,,18,It might be better to make notice to the furthest options being options,332890
2018-01-22 20:20:09,2018-01-22 20:25:02,IP Address,128.171.41.25,100,293,True,2018-01-22 20:25:03,R_CdF1ocbx0LkU5Wx,,,,,21.306900024414,-157.85830688477,anonymous,EN,I have read the above information and agree to participate,Male,,5,5,a lot of shame,5,4,no shame at all,a lot of shame,a lot of shame,5,a lot of shame,a lot of shame,2,5,a lot of shame,4,6,5,a lot of shame,4,5,6,no shame at all,a lot of shame,a lot of shame,4,5,5,4,a lot of shame,,,,,,,,,,,,,,,,,,,,,,,,,,,,,,,,,,,,,,,,,,,,,,,,,,,,,,,,,,,,,,,,,,,,,,,,,,,,,,,,,,,,,,,,,,,19,,719952
2018-01-22 20:28:36,2018-01-22 20:33:18,IP Address,128.171.41.24,100,282,True,2018-01-22 20:33:19,R_3RmQV7cQDV9IbKU,,,,,21.306900024414,-157.85830688477,anonymous,EN,I have read the above information and agree to participate,Male,,no shame at all,5,5,4,6,no shame at all,a lot of shame,a lot of shame,2,5,5,2,5,3,a lot of shame,4,5,6,6,5,6,2,5,5,5,4,4,4,4,,,,,,,,,,,,,,,,,,,,,,,,,,,,,,,,,,,,,,,,,,,,,,,,,,,,,,,,,,,,,,,,,,,,,,,,,,,,,,,,,,,,,,,,,,,37,,499202
2018-01-22 20:31:32,2018-01-22 20:49:36,IP Address,128.171.41.10,100,1083,True,2018-01-22 20:49:36,R_2YyVPQhK1hBJ011,,,,,21.306900024414,-157.85830688477,anonymous,EN,I have read the above information and agree to participate,Female,,,,,,,,,,,,,,,,,,,,,,,,,,,,,,,,,,,,,,,,,,,,,,,,,,,,,,,,,,,,,,,,,,,,,,,,,,,,,,,,,,,,,,,,,,,,I wouldn't view ${lm://Field/5} negatively at all,I wouldn't view ${lm://Field/5} negatively at all,2,I wouldn't view ${lm://Field/5} negatively at all,I wouldn't view ${lm://Field/5} negatively at all,I wouldn't view ${lm://Field/5} negatively at all,3,I wouldn't view ${lm://Field/5} negatively at all,I wouldn't view ${lm://Field/5} negatively at all,3,I wouldn't view ${lm://Field/5} negatively at all,I wouldn't view ${lm://Field/5} negatively at all,I wouldn't view ${lm://Field/5} negatively at all,I wouldn't view ${lm://Field/5} negatively at all,I wouldn't view ${lm://Field/5} negatively at all,I wouldn't view ${lm://Field/5} negatively at all,3,I wouldn't view ${lm://Field/5} negatively at all,2,3,I wouldn't view ${lm://Field/5} negatively at all,I wouldn't view ${lm://Field/5} negatively at all,I wouldn't view ${lm://Field/5} negatively at all,I wouldn't view ${lm://Field/5} negatively at all,I wouldn't view ${lm://Field/5} negatively at all,I wouldn't view ${lm://Field/5} negatively at all,I wouldn't view ${lm://Field/5} negatively at all,4,I wouldn't view ${lm://Field/5} negatively at all,18,,831202
2018-01-22 20:31:28,2018-01-22 20:50:34,IP Address,128.171.41.9,100,1146,True,2018-01-22 20:50:35,R_XnQ6hbr5wP1715L,,,,,21.306900024414,-157.85830688477,anonymous,EN,I have read the above information and agree to participate,Female,,,,,,,,,,,,,,,,,,,,,,,,,,,,,,,,2,a lot of shame,a lot of shame,5,5,3,6,a lot of shame,5,6,5,5,4,5,6,5,6,6,6,6,6,3,6,6,6,a lot of shame,4,a lot of shame,6,,,,,,,,,,,,,,,,,,,,,,,,,,,,,,,,,,,,,,,,,,,,,,,,,,,,,,,,,,,,,19,,609502
2018-01-22 20:31:39,2018-01-22 20:52:10,IP Address,128.171.41.16,100,1230,True,2018-01-22 20:52:10,R_27qUNGohb7hULAr,,,,,21.306900024414,-157.85830688477,anonymous,EN,I have read the above information and agree to participate,Female,,,,,,,,,,,,,,,,,,,,,,,,,,,,,,,,,,,,,,,,,,,,,,,,,,,,,,,,,,,,,,,,,,,,,,,,,,,,,,,,,,,,,,,,,,,,I wouldn't view ${lm://Field/5} negatively at all,2,5,I wouldn't view ${lm://Field/5} negatively at all,I wouldn't view ${lm://Field/5} negatively at all,I wouldn't view ${lm://Field/5} negatively at all,6,I wouldn't view ${lm://Field/5} negatively at all,I wouldn't view ${lm://Field/5} negatively at all,5,I wouldn't view ${lm://Field/5} negatively at all,I wouldn't view ${lm://Field/5} negatively at all,I wouldn't view ${lm://Field/5} negatively at all,I wouldn't view ${lm://Field/5} negatively at all,I wouldn't view ${lm://Field/5} negatively at all,3,5,I wouldn't view ${lm://Field/5} negatively at all,2,6,6,I wouldn't view ${lm://Field/5} negatively at all,I wouldn't view ${lm://Field/5} negatively at all,2,2,3,I wouldn't view ${lm://Field/5} negatively at all,6,4,18,,545083
2018-01-22 20:31:45,2018-01-22 20:52:48,IP Address,128.171.41.15,100,1263,True,2018-01-22 20:52:49,R_aeG3ECbIN0GmCn7,,,,,21.306900024414,-157.85830688477,anonymous,EN,I have read the above information and agree to participate,Female,,,,,,,,,,,,,,,,,,,,,,,,,,,,,,,,,,,,,,,,,,,,,,,,,,,,,,,,,,,,,,,,,,,,,,,,,,,,,,,,,,,,,,,,,,,,2,3,I'd view ${lm://Field/5} very negatively,4,I wouldn't view ${lm://Field/5} negatively at all,I wouldn't view ${lm://Field/5} negatively at all,I'd view ${lm://Field/5} very negatively,2,4,I'd view ${lm://Field/5} very negatively,I wouldn't view ${lm://Field/5} negatively at all,I wouldn't view ${lm://Field/5} negatively at all,2,I wouldn't view ${lm://Field/5} negatively at all,2,5,I wouldn't view ${lm://Field/5} negatively at all,4,6,I'd view ${lm://Field/5} very negatively,I'd view ${lm://Field/5} very negatively,I wouldn't view ${lm://Field/5} negatively at all,6,4,3,2,2,6,5,28,,320754
2018-01-22 20:50:22,2018-01-22 20:56:13,IP Address,128.171.41.12,100,350,True,2018-01-22 20:56:13,R_2CD2xig18X8Lvnq,,,,,21.306900024414,-157.85830688477,anonymous,EN,I have read the above information and agree to participate,Female,,,,,,,,,,,,,,,,,,,,,,,,,,,,,,,,no shame at all,4,2,3,5,3,a lot of shame,a lot of shame,5,no shame at all,3,no shame at all,3,3,2,4,3,3,4,3,3,no shame at all,no shame at all,3,4,5,4,3,3,,,,,,,,,,,,,,,,,,,,,,,,,,,,,,,,,,,,,,,,,,,,,,,,,,,,,,,,,,,,,20,"Why is it assumed that i want or will have a husband? use of the term significant other would be much more effective. ",879834
2018-01-22 20:50:53,2018-01-22 20:57:12,IP Address,128.171.41.18,100,379,True,2018-01-22 20:57:13,R_3rNEKCVxQ3TEbm4,,,,,21.306900024414,-157.85830688477,anonymous,EN,I have read the above information and agree to participate,Female,,,,,,,,,,,,,,,,,,,,,,,,,,,,,,,,,,,,,,,,,,,,,,,,,,,,,,,,,,,,,,,,,,,,,,,,,,,,,,,,,,,,,,,,,,,,2,2,6,4,4,I wouldn't view ${lm://Field/5} negatively at all,5,2,I wouldn't view ${lm://Field/5} negatively at all,6,2,I wouldn't view ${lm://Field/5} negatively at all,2,I wouldn't view ${lm://Field/5} negatively at all,2,I wouldn't view ${lm://Field/5} negatively at all,2,2,5,6,6,I wouldn't view ${lm://Field/5} negatively at all,I wouldn't view ${lm://Field/5} negatively at all,2,I wouldn't view ${lm://Field/5} negatively at all,3,2,5,4,19,,649188
2018-01-22 20:57:39,2018-01-22 21:00:39,IP Address,128.171.41.14,100,179,True,2018-01-22 21:00:39,R_10A83s64RByG689,,,,,21.306900024414,-157.85830688477,anonymous,EN,I have read the above information and agree to participate,Male,,4,2,a lot of shame,2,no shame at all,no shame at all,a lot of shame,6,2,a lot of shame,a lot of shame,3,2,5,no shame at all,3,5,5,no shame at all,5,5,no shame at all,4,4,5,2,2,3,4,,,,,,,,,,,,,,,,,,,,,,,,,,,,,,,,,,,,,,,,,,,,,,,,,,,,,,,,,,,,,,,,,,,,,,,,,,,,,,,,,,,,,,,,,,,18,,149292
2018-01-22 20:57:26,2018-01-22 21:01:03,IP Address,128.171.41.13,100,216,True,2018-01-22 21:01:03,R_33qWXX0McRRHhdy,,,,,21.306900024414,-157.85830688477,anonymous,EN,I have read the above information and agree to participate,Female,,,,,,,,,,,,,,,,,,,,,,,,,,,,,,,,a lot of shame,6,a lot of shame,no shame at all,5,no shame at all,a lot of shame,a lot of shame,4,a lot of shame,a lot of shame,5,4,a lot of shame,4,5,a lot of shame,a lot of shame,4,a lot of shame,a lot of shame,2,5,a lot of shame,a lot of shame,5,4,5,5,,,,,,,,,,,,,,,,,,,,,,,,,,,,,,,,,,,,,,,,,,,,,,,,,,,,,,,,,,,,,18,,960392
2018-01-22 20:58:09,2018-01-22 21:01:12,IP Address,128.171.41.11,100,183,True,2018-01-22 21:01:13,R_2PBjfAV2VFnhjw2,,,,,21.306900024414,-157.85830688477,anonymous,EN,I have read the above information and agree to participate,Female,,,,,,,,,,,,,,,,,,,,,,,,,,,,,,,,,,,,,,,,,,,,,,,,,,,,,,,,,,,,,,,,,,,,,,,,,,,,,,,,,,,,,,,,,,,,2,2,6,5,4,I wouldn't view ${lm://Field/5} negatively at all,I'd view ${lm://Field/5} very negatively,5,2,6,3,2,2,2,5,2,2,6,3,6,6,2,5,6,2,2,2,5,5,26,,257167
2018-01-22 20:59:21,2018-01-22 21:02:28,IP Address,128.171.41.20,100,187,True,2018-01-22 21:02:29,R_XZX1HNLrn32ZjFf,,,,,21.306900024414,-157.85830688477,anonymous,EN,I have read the above information and agree to participate,Female,,,,,,,,,,,,,,,,,,,,,,,,,,,,,,,,6,a lot of shame,a lot of shame,no shame at all,5,2,a lot of shame,a lot of shame,a lot of shame,a lot of shame,a lot of shame,no shame at all,no shame at all,5,a lot of shame,2,4,3,a lot of shame,5,a lot of shame,no shame at all,a lot of shame,a lot of shame,a lot of shame,a lot of shame,2,3,6,,,,,,,,,,,,,,,,,,,,,,,,,,,,,,,,,,,,,,,,,,,,,,,,,,,,,,,,,,,,,18,,974335
2018-01-22 20:57:50,2018-01-22 21:02:44,IP Address,128.171.41.19,100,293,True,2018-01-22 21:02:44,R_1NqBzkUCuMEZS39,,,,,21.306900024414,-157.85830688477,anonymous,EN,I have read the above information and agree to participate,Female,,,,,,,,,,,,,,,,,,,,,,,,,,,,,,,,,,,,,,,,,,,,,,,,,,,,,,,,,,,,,,,,,,,,,,,,,,,,,,,,,,,,,,,,,,,,I'd view ${lm://Field/5} very negatively,I wouldn't view ${lm://Field/5} negatively at all,I'd view ${lm://Field/5} very negatively,2,2,I wouldn't view ${lm://Field/5} negatively at all,4,3,I wouldn't view ${lm://Field/5} negatively at all,I'd view ${lm://Field/5} very negatively,I wouldn't view ${lm://Field/5} negatively at all,I wouldn't view ${lm://Field/5} negatively at all,I wouldn't view ${lm://Field/5} negatively at all,5,3,I wouldn't view ${lm://Field/5} negatively at all,4,4,5,5,4,I wouldn't view ${lm://Field/5} negatively at all,4,6,I wouldn't view ${lm://Field/5} negatively at all,I wouldn't view ${lm://Field/5} negatively at all,I wouldn't view ${lm://Field/5} negatively at all,4,2,18,,845716
2018-01-22 21:00:27,2018-01-22 21:02:56,IP Address,128.171.41.8,100,149,True,2018-01-22 21:02:57,R_31ZCsysf3uaBvYG,,,,,21.306900024414,-157.85830688477,anonymous,EN,I have read the above information and agree to participate,Female,,,,,,,,,,,,,,,,,,,,,,,,,,,,,,,,no shame at all,2,a lot of shame,a lot of shame,4,no shame at all,a lot of shame,3,3,a lot of shame,a lot of shame,5,4,a lot of shame,4,3,a lot of shame,6,5,a lot of shame,a lot of shame,no shame at all,a lot of shame,6,a lot of shame,5,no shame at all,a lot of shame,a lot of shame,,,,,,,,,,,,,,,,,,,,,,,,,,,,,,,,,,,,,,,,,,,,,,,,,,,,,,,,,,,,,18,,355913
2018-01-22 21:02:13,2018-01-22 21:06:14,IP Address,128.171.41.17,100,240,True,2018-01-22 21:06:14,R_2Bu5Td47XHo7vlO,,,,,21.306900024414,-157.85830688477,anonymous,EN,I have read the above information and agree to participate,Female,,,,,,,,,,,,,,,,,,,,,,,,,,,,,,,,,,,,,,,,,,,,,,,,,,,,,,,,,,,,,,,,,,,,,,,,,,,,,,,,,,,,,,,,,,,,5,3,I'd view ${lm://Field/5} very negatively,4,4,4,6,4,3,I'd view ${lm://Field/5} very negatively,3,4,3,5,3,4,5,4,5,I'd view ${lm://Field/5} very negatively,I'd view ${lm://Field/5} very negatively,I wouldn't view ${lm://Field/5} negatively at all,5,5,4,3,3,6,5,19,,453623
2018-01-24 19:38:01,2018-01-24 20:08:02,IP Address,128.171.41.15,100,1801,True,2018-01-24 20:08:03,R_3PdypcNeXjShMk4,,,,,21.306900024414,-157.85830688477,anonymous,EN,I have read the above information and agree to participate,Female,,,,,,,,,,,,,,,,,,,,,,,,,,,,,,,,4,a lot of shame,a lot of shame,6,6,no shame at all,a lot of shame,a lot of shame,6,a lot of shame,a lot of shame,2,5,a lot of shame,a lot of shame,5,a lot of shame,6,5,6,a lot of shame,no shame at all,a lot of shame,a lot of shame,5,6,6,a lot of shame,5,,,,,,,,,,,,,,,,,,,,,,,,,,,,,,,,,,,,,,,,,,,,,,,,,,,,,,,,,,,,,20,,836871
2018-01-24 19:44:19,2018-01-24 20:08:48,IP Address,128.171.41.20,100,1468,True,2018-01-24 20:08:48,R_262RNfR1vIPwoXp,,,,,21.306900024414,-157.85830688477,anonymous,EN,I have read the above information and agree to participate,Male,,,,,,,,,,,,,,,,,,,,,,,,,,,,,,,,,,,,,,,,,,,,,,,,,,,,,,,,,,,,,,I wouldn't view ${lm://Field/5} negatively at all,4,I'd view ${lm://Field/5} very negatively,3,3,3,I'd view ${lm://Field/5} very negatively,3,I wouldn't view ${lm://Field/5} negatively at all,3,5,I wouldn't view ${lm://Field/5} negatively at all,5,5,I wouldn't view ${lm://Field/5} negatively at all,3,5,I wouldn't view ${lm://Field/5} negatively at all,5,3,I'd view ${lm://Field/5} very negatively,5,I'd view ${lm://Field/5} very negatively,3,I wouldn't view ${lm://Field/5} negatively at all,3,3,5,3,,,,,,,,,,,,,,,,,,,,,,,,,,,,,,,20,,887553
2018-01-24 19:37:10,2018-01-24 20:08:49,IP Address,128.171.41.14,100,1898,True,2018-01-24 20:08:49,R_vqXqE4yXUsGSYal,,,,,21.306900024414,-157.85830688477,anonymous,EN,I have read the above information and agree to participate,Male,,,,,,,,,,,,,,,,,,,,,,,,,,,,,,,,,,,,,,,,,,,,,,,,,,,,,,,,,,,,,,I wouldn't view ${lm://Field/5} negatively at all,3,I'd view ${lm://Field/5} very negatively,I wouldn't view ${lm://Field/5} negatively at all,2,I wouldn't view ${lm://Field/5} negatively at all,6,3,2,I'd view ${lm://Field/5} very negatively,2,5,2,3,3,3,3,6,5,5,I'd view ${lm://Field/5} very negatively,3,5,5,3,2,4,5,3,,,,,,,,,,,,,,,,,,,,,,,,,,,,,,,19,,791924
2018-01-24 19:49:04,2018-01-24 20:09:11,IP Address,128.171.41.25,100,1207,True,2018-01-24 20:09:11,R_3kBUAwuXg752X5I,,,,,21.306900024414,-157.85830688477,anonymous,EN,I have read the above information and agree to participate,Male,,no shame at all,a lot of shame,a lot of shame,3,5,no shame at all,a lot of shame,a lot of shame,3,6,3,a lot of shame,3,3,6,a lot of shame,no shame at all,6,2,2,6,no shame at all,5,6,5,a lot of shame,no shame at all,3,5,,,,,,,,,,,,,,,,,,,,,,,,,,,,,,,,,,,,,,,,,,,,,,,,,,,,,,,,,,,,,,,,,,,,,,,,,,,,,,,,,,,,,,,,,,,19,,477710
2018-01-24 20:07:25,2018-01-24 20:09:39,IP Address,128.171.41.11,100,134,True,2018-01-24 20:09:39,R_Q6ZmaDForK1RuDf,,,,,21.306900024414,-157.85830688477,anonymous,EN,I have read the above information and agree to participate,Female,,,,,,,,,,,,,,,,,,,,,,,,,,,,,,,,,,,,,,,,,,,,,,,,,,,,,,,,,,,,,,,,,,,,,,,,,,,,,,,,,,,,,,,,,,,,I'd view ${lm://Field/5} very negatively,I wouldn't view ${lm://Field/5} negatively at all,I'd view ${lm://Field/5} very negatively,I wouldn't view ${lm://Field/5} negatively at all,I wouldn't view ${lm://Field/5} negatively at all,I wouldn't view ${lm://Field/5} negatively at all,I'd view ${lm://Field/5} very negatively,I wouldn't view ${lm://Field/5} negatively at all,I wouldn't view ${lm://Field/5} negatively at all,I'd view ${lm://Field/5} very negatively,I wouldn't view ${lm://Field/5} negatively at all,I wouldn't view ${lm://Field/5} negatively at all,I wouldn't view ${lm://Field/5} negatively at all,I wouldn't view ${lm://Field/5} negatively at all,I wouldn't view ${lm://Field/5} negatively at all,I wouldn't view ${lm://Field/5} negatively at all,I wouldn't view ${lm://Field/5} negatively at all,I'd view ${lm://Field/5} very negatively,4,5,6,I wouldn't view ${lm://Field/5} negatively at all,I wouldn't view ${lm://Field/5} negatively at all,I wouldn't view ${lm://Field/5} negatively at all,I wouldn't view ${lm://Field/5} negatively at all,3,I wouldn't view ${lm://Field/5} negatively at all,I'd view ${lm://Field/5} very negatively,3,18,,196479
2018-01-24 19:28:43,2018-01-24 20:09:44,IP Address,128.171.41.8,100,2460,True,2018-01-24 20:09:44,R_2D630Aryp61xF4Q,,,,,21.306900024414,-157.85830688477,anonymous,EN,I have read the above information and agree to participate,Male,,4,4,a lot of shame,no shame at all,no shame at all,no shame at all,a lot of shame,a lot of shame,no shame at all,a lot of shame,a lot of shame,4,no shame at all,a lot of shame,4,4,a lot of shame,6,a lot of shame,a lot of shame,a lot of shame,no shame at all,6,5,a lot of shame,4,no shame at all,a lot of shame,5,,,,,,,,,,,,,,,,,,,,,,,,,,,,,,,,,,,,,,,,,,,,,,,,,,,,,,,,,,,,,,,,,,,,,,,,,,,,,,,,,,,,,,,,,,,19,,331237
2018-01-24 19:31:00,2018-01-24 20:10:20,IP Address,128.171.41.9,100,2359,True,2018-01-24 20:10:20,R_BxDp4KW71iFxWmt,,,,,21.306900024414,-157.85830688477,anonymous,EN,I have read the above information and agree to participate,Female,,,,,,,,,,,,,,,,,,,,,,,,,,,,,,,,4,4,a lot of shame,5,6,4,6,a lot of shame,5,6,4,2,5,6,a lot of shame,4,4,4,4,a lot of shame,a lot of shame,3,a lot of shame,6,5,4,5,6,3,,,,,,,,,,,,,,,,,,,,,,,,,,,,,,,,,,,,,,,,,,,,,,,,,,,,,,,,,,,,,26,,271433
2018-01-24 19:45:07,2018-01-24 20:10:31,IP Address,128.171.41.21,100,1523,True,2018-01-24 20:10:31,R_1Fn8vjvy5tkpczP,,,,,21.306900024414,-157.85830688477,anonymous,EN,I have read the above information and agree to participate,Female,,,,,,,,,,,,,,,,,,,,,,,,,,,,,,,,,,,,,,,,,,,,,,,,,,,,,,,,,,,,,,,,,,,,,,,,,,,,,,,,,,,,,,,,,,,,4,3,6,4,4,I wouldn't view ${lm://Field/5} negatively at all,6,5,2,5,6,4,2,3,4,4,2,5,6,5,5,I wouldn't view ${lm://Field/5} negatively at all,5,4,3,3,3,6,4,18,,459394
2018-01-24 20:08:17,2018-01-24 20:11:58,IP Address,128.171.41.23,100,220,True,2018-01-24 20:11:59,R_1rkvhcMkyJ5EhbU,,,,,21.306900024414,-157.85830688477,anonymous,EN,I have read the above information and agree to participate,Female,,,,,,,,,,,,,,,,,,,,,,,,,,,,,,,,3,a lot of shame,a lot of shame,6,a lot of shame,no shame at all,a lot of shame,6,5,a lot of shame,6,no shame at all,6,6,6,5,no shame at all,a lot of shame,5,a lot of shame,a lot of shame,no shame at all,5,5,5,a lot of shame,6,a lot of shame,5,,,,,,,,,,,,,,,,,,,,,,,,,,,,,,,,,,,,,,,,,,,,,,,,,,,,,,,,,,,,,21,,604398
2018-01-24 20:08:41,2018-01-24 20:12:16,IP Address,128.171.41.17,100,215,True,2018-01-24 20:12:17,R_SQ36xX5Go7clgc1,,,,,21.306900024414,-157.85830688477,anonymous,EN,I have read the above information and agree to participate,Female,,,,,,,,,,,,,,,,,,,,,,,,,,,,,,,,,,,,,,,,,,,,,,,,,,,,,,,,,,,,,,,,,,,,,,,,,,,,,,,,,,,,,,,,,,,,I wouldn't view ${lm://Field/5} negatively at all,I wouldn't view ${lm://Field/5} negatively at all,I'd view ${lm://Field/5} very negatively,I wouldn't view ${lm://Field/5} negatively at all,4,I wouldn't view ${lm://Field/5} negatively at all,5,2,3,I'd view ${lm://Field/5} very negatively,I wouldn't view ${lm://Field/5} negatively at all,I wouldn't view ${lm://Field/5} negatively at all,I wouldn't view ${lm://Field/5} negatively at all,I wouldn't view ${lm://Field/5} negatively at all,3,I wouldn't view ${lm://Field/5} negatively at all,6,I wouldn't view ${lm://Field/5} negatively at all,2,I'd view ${lm://Field/5} very negatively,I'd view ${lm://Field/5} very negatively,I wouldn't view ${lm://Field/5} negatively at all,3,4,4,I wouldn't view ${lm://Field/5} negatively at all,I wouldn't view ${lm://Field/5} negatively at all,4,I wouldn't view ${lm://Field/5} negatively at all,18,,867773
2018-01-24 20:15:18,2018-01-24 20:18:00,IP Address,128.171.41.22,100,162,True,2018-01-24 20:18:01,R_2QWhXXMjLAWmAhQ,,,,,21.306900024414,-157.85830688477,anonymous,EN,I have read the above information and agree to participate,Male,,,,,,,,,,,,,,,,,,,,,,,,,,,,,,,,,,,,,,,,,,,,,,,,,,,,,,,,,,,,,,I'd view ${lm://Field/5} very negatively,I'd view ${lm://Field/5} very negatively,I'd view ${lm://Field/5} very negatively,I wouldn't view ${lm://Field/5} negatively at all,I'd view ${lm://Field/5} very negatively,I'd view ${lm://Field/5} very negatively,I'd view ${lm://Field/5} very negatively,4,I'd view ${lm://Field/5} very negatively,I'd view ${lm://Field/5} very negatively,I'd view ${lm://Field/5} very negatively,I wouldn't view ${lm://Field/5} negatively at all,4,I'd view ${lm://Field/5} very negatively,I'd view ${lm://Field/5} very negatively,4,4,I'd view ${lm://Field/5} very negatively,I'd view ${lm://Field/5} very negatively,I'd view ${lm://Field/5} very negatively,I'd view ${lm://Field/5} very negatively,I wouldn't view ${lm://Field/5} negatively at all,I'd view ${lm://Field/5} very negatively,I'd view ${lm://Field/5} very negatively,3,I wouldn't view ${lm://Field/5} negatively at all,I wouldn't view ${lm://Field/5} negatively at all,I'd view ${lm://Field/5} very negatively,4,,,,,,,,,,,,,,,,,,,,,,,,,,,,,,,19,,930313
2018-01-24 20:16:15,2018-01-24 20:20:04,IP Address,128.171.41.24,100,229,True,2018-01-24 20:20:05,R_1f2QR9yN3RQOTyW,,,,,21.306900024414,-157.85830688477,anonymous,EN,I have read the above information and agree to participate,Female,,,,,,,,,,,,,,,,,,,,,,,,,,,,,,,,3,5,a lot of shame,3,5,no shame at all,a lot of shame,6,3,a lot of shame,a lot of shame,5,no shame at all,4,a lot of shame,5,a lot of shame,2,6,4,3,no shame at all,a lot of shame,6,6,2,2,3,4,,,,,,,,,,,,,,,,,,,,,,,,,,,,,,,,,,,,,,,,,,,,,,,,,,,,,,,,,,,,,20,,793420
2018-01-24 20:17:37,2018-01-24 20:22:21,IP Address,128.171.41.12,100,283,True,2018-01-24 20:22:22,R_2v7lin2JgEzx6Ox,,,,,21.306900024414,-157.85830688477,anonymous,EN,I have read the above information and agree to participate,Female,,,,,,,,,,,,,,,,,,,,,,,,,,,,,,,,no shame at all,a lot of shame,a lot of shame,2,2,no shame at all,a lot of shame,a lot of shame,2,a lot of shame,a lot of shame,no shame at all,4,6,a lot of shame,4,a lot of shame,3,2,a lot of shame,a lot of shame,no shame at all,5,a lot of shame,a lot of shame,4,2,a lot of shame,a lot of shame,,,,,,,,,,,,,,,,,,,,,,,,,,,,,,,,,,,,,,,,,,,,,,,,,,,,,,,,,,,,,18,,714358
2018-01-24 20:19:21,2018-01-24 20:23:10,IP Address,128.171.41.13,100,228,True,2018-01-24 20:23:10,R_21oIVESU5IDWhgu,,,,,21.306900024414,-157.85830688477,anonymous,EN,I have read the above information and agree to participate,Female,,,,,,,,,,,,,,,,,,,,,,,,,,,,,,,,,,,,,,,,,,,,,,,,,,,,,,,,,,,,,,,,,,,,,,,,,,,,,,,,,,,,,,,,,,,,4,I wouldn't view ${lm://Field/5} negatively at all,I'd view ${lm://Field/5} very negatively,4,4,3,3,3,I wouldn't view ${lm://Field/5} negatively at all,4,4,I wouldn't view ${lm://Field/5} negatively at all,I wouldn't view ${lm://Field/5} negatively at all,4,3,2,2,4,I'd view ${lm://Field/5} very negatively,6,6,I wouldn't view ${lm://Field/5} negatively at all,4,I wouldn't view ${lm://Field/5} negatively at all,5,I wouldn't view ${lm://Field/5} negatively at all,I wouldn't view ${lm://Field/5} negatively at all,4,4,18,,393470
2018-01-24 20:21:47,2018-01-24 20:25:28,IP Address,128.171.41.18,100,220,True,2018-01-24 20:25:28,R_6fzhGLqfy6vEyVr,,,,,21.306900024414,-157.85830688477,anonymous,EN,I have read the above information and agree to participate,Female,,,,,,,,,,,,,,,,,,,,,,,,,,,,,,,,no shame at all,4,a lot of shame,no shame at all,no shame at all,no shame at all,a lot of shame,a lot of shame,4,a lot of shame,a lot of shame,no shame at all,4,3,a lot of shame,a lot of shame,5,5,3,a lot of shame,a lot of shame,no shame at all,4,a lot of shame,no shame at all,no shame at all,a lot of shame,6,3,,,,,,,,,,,,,,,,,,,,,,,,,,,,,,,,,,,,,,,,,,,,,,,,,,,,,,,,,,,,,22,,482626
2018-01-24 20:22:07,2018-01-24 20:25:29,IP Address,128.171.41.26,100,201,True,2018-01-24 20:25:29,R_3R1IK7js9iiXR02,,,,,21.306900024414,-157.85830688477,anonymous,EN,I have read the above information and agree to participate,Female,,,,,,,,,,,,,,,,,,,,,,,,,,,,,,,,,,,,,,,,,,,,,,,,,,,,,,,,,,,,,,,,,,,,,,,,,,,,,,,,,,,,,,,,,,,,3,I wouldn't view ${lm://Field/5} negatively at all,I'd view ${lm://Field/5} very negatively,I wouldn't view ${lm://Field/5} negatively at all,I wouldn't view ${lm://Field/5} negatively at all,I wouldn't view ${lm://Field/5} negatively at all,5,I wouldn't view ${lm://Field/5} negatively at all,I wouldn't view ${lm://Field/5} negatively at all,2,I wouldn't view ${lm://Field/5} negatively at all,I wouldn't view ${lm://Field/5} negatively at all,I wouldn't view ${lm://Field/5} negatively at all,I wouldn't view ${lm://Field/5} negatively at all,I wouldn't view ${lm://Field/5} negatively at all,I wouldn't view ${lm://Field/5} negatively at all,I wouldn't view ${lm://Field/5} negatively at all,3,3,4,5,I wouldn't view ${lm://Field/5} negatively at all,5,2,I wouldn't view ${lm://Field/5} negatively at all,I wouldn't view ${lm://Field/5} negatively at all,I wouldn't view ${lm://Field/5} negatively at all,5,3,18,,380984
2018-01-24 20:22:45,2018-01-24 20:27:24,IP Address,128.171.41.19,100,279,True,2018-01-24 20:27:25,R_3D6zBXj1vtFxbUx,,,,,21.306900024414,-157.85830688477,anonymous,EN,I have read the above information and agree to participate,Female,,,,,,,,,,,,,,,,,,,,,,,,,,,,,,,,,,,,,,,,,,,,,,,,,,,,,,,,,,,,,,,,,,,,,,,,,,,,,,,,,,,,,,,,,,,,2,I wouldn't view ${lm://Field/5} negatively at all,6,I wouldn't view ${lm://Field/5} negatively at all,I wouldn't view ${lm://Field/5} negatively at all,I wouldn't view ${lm://Field/5} negatively at all,I'd view ${lm://Field/5} very negatively,3,2,6,2,2,I wouldn't view ${lm://Field/5} negatively at all,I wouldn't view ${lm://Field/5} negatively at all,3,6,3,3,6,2,5,6,I'd view ${lm://Field/5} very negatively,4,I wouldn't view ${lm://Field/5} negatively at all,I wouldn't view ${lm://Field/5} negatively at all,I wouldn't view ${lm://Field/5} negatively at all,6,6,18,,848618
2018-01-24 20:24:42,2018-01-24 20:27:41,IP Address,128.171.41.10,100,178,True,2018-01-24 20:27:42,R_yR2fIoafRiRjQdP,,,,,21.306900024414,-157.85830688477,anonymous,EN,I have read the above information and agree to participate,Female,,,,,,,,,,,,,,,,,,,,,,,,,,,,,,,,no shame at all,a lot of shame,a lot of shame,no shame at all,4,no shame at all,a lot of shame,a lot of shame,no shame at all,a lot of shame,no shame at all,3,no shame at all,a lot of shame,3,2,a lot of shame,6,a lot of shame,a lot of shame,a lot of shame,no shame at all,5,a lot of shame,6,3,no shame at all,5,5,,,,,,,,,,,,,,,,,,,,,,,,,,,,,,,,,,,,,,,,,,,,,,,,,,,,,,,,,,,,,23,,551961
2018-01-24 20:29:49,2018-01-24 20:34:11,IP Address,128.171.41.16,100,262,True,2018-01-24 20:34:12,R_5vgCnwWFDRtRYQh,,,,,21.306900024414,-157.85830688477,anonymous,EN,I have read the above information and agree to participate,Male,,4,2,a lot of shame,4,5,6,a lot of shame,6,2,a lot of shame,2,5,3,5,3,3,4,6,5,a lot of shame,a lot of shame,5,a lot of shame,a lot of shame,a lot of shame,6,6,a lot of shame,6,,,,,,,,,,,,,,,,,,,,,,,,,,,,,,,,,,,,,,,,,,,,,,,,,,,,,,,,,,,,,,,,,,,,,,,,,,,,,,,,,,,,,,,,,,,26,,982807
2018-01-24 20:35:02,2018-01-24 20:51:07,IP Address,128.171.41.14,100,964,True,2018-01-24 20:51:08,R_1o8gdQynlFtSH7F,,,,,21.306900024414,-157.85830688477,anonymous,EN,I have read the above information and agree to participate,Female,,,,,,,,,,,,,,,,,,,,,,,,,,,,,,,,a lot of shame,a lot of shame,a lot of shame,a lot of shame,a lot of shame,4,a lot of shame,a lot of shame,4,a lot of shame,5,a lot of shame,6,6,5,a lot of shame,6,a lot of shame,6,a lot of shame,6,2,a lot of shame,a lot of shame,6,5,6,a lot of shame,5,,,,,,,,,,,,,,,,,,,,,,,,,,,,,,,,,,,,,,,,,,,,,,,,,,,,,,,,,,,,,18,,461051
2018-01-24 20:36:25,2018-01-24 20:51:57,IP Address,128.171.41.19,100,931,True,2018-01-24 20:51:58,R_24IuBYQEHuZNBM5,,,,,21.306900024414,-157.85830688477,anonymous,EN,I have read the above information and agree to participate,Female,,,,,,,,,,,,,,,,,,,,,,,,,,,,,,,,,,,,,,,,,,,,,,,,,,,,,,,,,,,,,,,,,,,,,,,,,,,,,,,,,,,,,,,,,,,,I wouldn't view ${lm://Field/5} negatively at all,I wouldn't view ${lm://Field/5} negatively at all,5,I wouldn't view ${lm://Field/5} negatively at all,3,I wouldn't view ${lm://Field/5} negatively at all,4,I wouldn't view ${lm://Field/5} negatively at all,I wouldn't view ${lm://Field/5} negatively at all,5,I wouldn't view ${lm://Field/5} negatively at all,I wouldn't view ${lm://Field/5} negatively at all,I wouldn't view ${lm://Field/5} negatively at all,I wouldn't view ${lm://Field/5} negatively at all,2,I wouldn't view ${lm://Field/5} negatively at all,I wouldn't view ${lm://Field/5} negatively at all,I wouldn't view ${lm://Field/5} negatively at all,I wouldn't view ${lm://Field/5} negatively at all,3,4,I wouldn't view ${lm://Field/5} negatively at all,3,I wouldn't view ${lm://Field/5} negatively at all,I wouldn't view ${lm://Field/5} negatively at all,I wouldn't view ${lm://Field/5} negatively at all,I wouldn't view ${lm://Field/5} negatively at all,I wouldn't view ${lm://Field/5} negatively at all,3,20,,329673
2018-01-24 20:32:58,2018-01-24 20:52:34,IP Address,128.171.41.8,100,1175,True,2018-01-24 20:52:35,R_8IFxMiLpwcdPELD,,,,,21.306900024414,-157.85830688477,anonymous,EN,I have read the above information and agree to participate,Female,,,,,,,,,,,,,,,,,,,,,,,,,,,,,,,,,,,,,,,,,,,,,,,,,,,,,,,,,,,,,,,,,,,,,,,,,,,,,,,,,,,,,,,,,,,,2,2,6,3,2,2,5,2,2,6,2,2,2,2,2,4,2,3,6,6,6,2,6,5,2,2,2,4,3,18,,481322
2018-01-24 20:36:39,2018-01-24 20:53:57,IP Address,128.171.41.20,100,1037,True,2018-01-24 20:53:58,R_3JCuuGljloHYb3Q,,,,,21.306900024414,-157.85830688477,anonymous,EN,I have read the above information and agree to participate,Male,,4,no shame at all,a lot of shame,no shame at all,2,no shame at all,4,no shame at all,no shame at all,a lot of shame,no shame at all,2,no shame at all,no shame at all,no shame at all,no shame at all,no shame at all,no shame at all,no shame at all,a lot of shame,a lot of shame,no shame at all,no shame at all,no shame at all,no shame at all,no shame at all,no shame at all,no shame at all,no shame at all,,,,,,,,,,,,,,,,,,,,,,,,,,,,,,,,,,,,,,,,,,,,,,,,,,,,,,,,,,,,,,,,,,,,,,,,,,,,,,,,,,,,,,,,,,,28,,661185
2018-01-24 20:35:03,2018-01-24 20:54:17,IP Address,128.171.41.13,100,1153,True,2018-01-24 20:54:18,R_OrsDues0T59wupH,,,,,21.306900024414,-157.85830688477,anonymous,EN,I have read the above information and agree to participate,Male,,,,,,,,,,,,,,,,,,,,,,,,,,,,,,,,,,,,,,,,,,,,,,,,,,,,,,,,,,,,,,I wouldn't view ${lm://Field/5} negatively at all,I wouldn't view ${lm://Field/5} negatively at all,6,I wouldn't view ${lm://Field/5} negatively at all,I wouldn't view ${lm://Field/5} negatively at all,I wouldn't view ${lm://Field/5} negatively at all,2,I wouldn't view ${lm://Field/5} negatively at all,I wouldn't view ${lm://Field/5} negatively at all,5,I wouldn't view ${lm://Field/5} negatively at all,I wouldn't view ${lm://Field/5} negatively at all,I wouldn't view ${lm://Field/5} negatively at all,I wouldn't view ${lm://Field/5} negatively at all,5,2,4,3,2,5,3,I wouldn't view ${lm://Field/5} negatively at all,2,I wouldn't view ${lm://Field/5} negatively at all,I wouldn't view ${lm://Field/5} negatively at all,I wouldn't view ${lm://Field/5} negatively at all,I wouldn't view ${lm://Field/5} negatively at all,3,I wouldn't view ${lm://Field/5} negatively at all,,,,,,,,,,,,,,,,,,,,,,,,,,,,,,,18,,970527
2018-01-24 20:51:25,2018-01-24 20:55:20,IP Address,128.171.41.16,100,234,True,2018-01-24 20:55:21,R_D6tqqrQc2EQxrKp,,,,,21.306900024414,-157.85830688477,anonymous,EN,I have read the above information and agree to participate,Female,,,,,,,,,,,,,,,,,,,,,,,,,,,,,,,,,,,,,,,,,,,,,,,,,,,,,,,,,,,,,,,,,,,,,,,,,,,,,,,,,,,,,,,,,,,,2,I wouldn't view ${lm://Field/5} negatively at all,6,2,I wouldn't view ${lm://Field/5} negatively at all,I wouldn't view ${lm://Field/5} negatively at all,6,2,3,6,I wouldn't view ${lm://Field/5} negatively at all,I wouldn't view ${lm://Field/5} negatively at all,I wouldn't view ${lm://Field/5} negatively at all,I wouldn't view ${lm://Field/5} negatively at all,4,I wouldn't view ${lm://Field/5} negatively at all,I wouldn't view ${lm://Field/5} negatively at all,4,I wouldn't view ${lm://Field/5} negatively at all,5,5,I wouldn't view ${lm://Field/5} negatively at all,I wouldn't view ${lm://Field/5} negatively at all,4,4,2,2,I'd view ${lm://Field/5} very negatively,2,19,,801038
2018-01-24 20:52:29,2018-01-24 20:56:51,IP Address,128.171.41.10,100,261,True,2018-01-24 20:56:51,R_qI8YXJY17R174MV,,,,,21.306900024414,-157.85830688477,anonymous,EN,I have read the above information and agree to participate,Male,,3,a lot of shame,a lot of shame,5,3,no shame at all,a lot of shame,a lot of shame,no shame at all,a lot of shame,a lot of shame,3,no shame at all,5,a lot of shame,a lot of shame,3,no shame at all,a lot of shame,a lot of shame,a lot of shame,no shame at all,a lot of shame,6,3,6,no shame at all,6,a lot of shame,,,,,,,,,,,,,,,,,,,,,,,,,,,,,,,,,,,,,,,,,,,,,,,,,,,,,,,,,,,,,,,,,,,,,,,,,,,,,,,,,,,,,,,,,,,23,,688291
2018-01-24 20:57:48,2018-01-24 21:01:12,IP Address,128.171.41.11,100,203,True,2018-01-24 21:01:13,R_1QuzSJvcT5s6TZm,,,,,21.306900024414,-157.85830688477,anonymous,EN,I have read the above information and agree to participate,Female,,,,,,,,,,,,,,,,,,,,,,,,,,,,,,,,3,a lot of shame,a lot of shame,4,6,5,a lot of shame,a lot of shame,a lot of shame,5,6,5,5,5,a lot of shame,6,5,a lot of shame,3,6,5,no shame at all,5,a lot of shame,a lot of shame,5,6,5,a lot of shame,,,,,,,,,,,,,,,,,,,,,,,,,,,,,,,,,,,,,,,,,,,,,,,,,,,,,,,,,,,,,19,,740698
2018-01-24 21:00:10,2018-01-24 21:03:09,IP Address,128.171.41.15,100,179,True,2018-01-24 21:03:10,R_UQLAZwm8JVdW8pj,,,,,21.306900024414,-157.85830688477,anonymous,EN,I have read the above information and agree to participate,Female,,,,,,,,,,,,,,,,,,,,,,,,,,,,,,,,,,,,,,,,,,,,,,,,,,,,,,,,,,,,,,,,,,,,,,,,,,,,,,,,,,,,,,,,,,,,2,2,I'd view ${lm://Field/5} very negatively,I wouldn't view ${lm://Field/5} negatively at all,3,I wouldn't view ${lm://Field/5} negatively at all,I'd view ${lm://Field/5} very negatively,4,I wouldn't view ${lm://Field/5} negatively at all,I'd view ${lm://Field/5} very negatively,4,I wouldn't view ${lm://Field/5} negatively at all,I wouldn't view ${lm://Field/5} negatively at all,2,4,2,3,3,3,I'd view ${lm://Field/5} very negatively,I'd view ${lm://Field/5} very negatively,I wouldn't view ${lm://Field/5} negatively at all,5,I wouldn't view ${lm://Field/5} negatively at all,I wouldn't view ${lm://Field/5} negatively at all,I wouldn't view ${lm://Field/5} negatively at all,I wouldn't view ${lm://Field/5} negatively at all,6,4,18,,641720
2018-01-24 20:56:26,2018-01-24 21:03:26,IP Address,128.171.41.22,100,420,True,2018-01-24 21:03:27,R_eetl8FH4gvgIDBf,,,,,21.306900024414,-157.85830688477,anonymous,EN,I have read the above information and agree to participate,Male,,,,,,,,,,,,,,,,,,,,,,,,,,,,,,,,,,,,,,,,,,,,,,,,,,,,,,,,,,,,,,4,4,6,4,6,5,5,6,5,6,6,4,5,I'd view ${lm://Field/5} very negatively,6,5,6,I'd view ${lm://Field/5} very negatively,5,I'd view ${lm://Field/5} very negatively,6,4,4,6,4,4,4,4,5,,,,,,,,,,,,,,,,,,,,,,,,,,,,,,,26,,897014
2018-01-24 21:01:39,2018-01-24 21:04:11,IP Address,128.171.41.24,100,152,True,2018-01-24 21:04:12,R_333ctvGcMsymyog,,,,,21.306900024414,-157.85830688477,anonymous,EN,I have read the above information and agree to participate,Male,,3,5,6,4,5,5,5,6,a lot of shame,6,a lot of shame,6,no shame at all,5,a lot of shame,2,6,5,6,6,6,5,a lot of shame,a lot of shame,6,6,2,5,6,,,,,,,,,,,,,,,,,,,,,,,,,,,,,,,,,,,,,,,,,,,,,,,,,,,,,,,,,,,,,,,,,,,,,,,,,,,,,,,,,,,,,,,,,,,20,,830604
2018-01-24 21:02:53,2018-01-24 21:05:52,IP Address,128.171.41.12,100,178,True,2018-01-24 21:05:53,R_1f3kkREkWWJR98K,,,,,21.306900024414,-157.85830688477,anonymous,EN,I have read the above information and agree to participate,Female,,,,,,,,,,,,,,,,,,,,,,,,,,,,,,,,no shame at all,a lot of shame,a lot of shame,a lot of shame,6,no shame at all,a lot of shame,a lot of shame,a lot of shame,a lot of shame,a lot of shame,4,no shame at all,a lot of shame,2,a lot of shame,a lot of shame,a lot of shame,a lot of shame,a lot of shame,a lot of shame,no shame at all,a lot of shame,a lot of shame,4,a lot of shame,4,5,a lot of shame,,,,,,,,,,,,,,,,,,,,,,,,,,,,,,,,,,,,,,,,,,,,,,,,,,,,,,,,,,,,,23,,627757
2018-01-24 21:02:10,2018-01-24 21:06:51,IP Address,128.171.41.17,100,280,True,2018-01-24 21:06:52,R_rd0ZbXoJSncHhLP,,,,,21.306900024414,-157.85830688477,anonymous,EN,I have read the above information and agree to participate,Female,,,,,,,,,,,,,,,,,,,,,,,,,,,,,,,,,,,,,,,,,,,,,,,,,,,,,,,,,,,,,,,,,,,,,,,,,,,,,,,,,,,,,,,,,,,,6,I wouldn't view ${lm://Field/5} negatively at all,I'd view ${lm://Field/5} very negatively,I wouldn't view ${lm://Field/5} negatively at all,I wouldn't view ${lm://Field/5} negatively at all,I wouldn't view ${lm://Field/5} negatively at all,I'd view ${lm://Field/5} very negatively,3,I wouldn't view ${lm://Field/5} negatively at all,I'd view ${lm://Field/5} very negatively,I wouldn't view ${lm://Field/5} negatively at all,I wouldn't view ${lm://Field/5} negatively at all,I wouldn't view ${lm://Field/5} negatively at all,3,4,3,I'd view ${lm://Field/5} very negatively,5,5,I'd view ${lm://Field/5} very negatively,I'd view ${lm://Field/5} very negatively,I wouldn't view ${lm://Field/5} negatively at all,2,3,I wouldn't view ${lm://Field/5} negatively at all,I wouldn't view ${lm://Field/5} negatively at all,I wouldn't view ${lm://Field/5} negatively at all,I'd view ${lm://Field/5} very negatively,2,19,No comment.,208327
2018-01-24 21:04:19,2018-01-24 21:07:55,IP Address,128.171.41.21,100,216,True,2018-01-24 21:07:56,R_6D1LBZLna9f5mi5,,,,,21.306900024414,-157.85830688477,anonymous,EN,I have read the above information and agree to participate,Female,,,,,,,,,,,,,,,,,,,,,,,,,,,,,,,,6,6,a lot of shame,6,a lot of shame,3,a lot of shame,a lot of shame,6,a lot of shame,a lot of shame,5,5,a lot of shame,5,a lot of shame,4,a lot of shame,5,a lot of shame,a lot of shame,4,6,6,a lot of shame,6,6,6,6,,,,,,,,,,,,,,,,,,,,,,,,,,,,,,,,,,,,,,,,,,,,,,,,,,,,,,,,,,,,,21,,295868
2018-01-24 21:04:40,2018-01-24 21:08:43,IP Address,128.171.41.9,100,242,True,2018-01-24 21:08:44,R_3PoW3Drjxjw0aFI,,,,,21.306900024414,-157.85830688477,anonymous,EN,I have read the above information and agree to participate,Female,,,,,,,,,,,,,,,,,,,,,,,,,,,,,,,,,,,,,,,,,,,,,,,,,,,,,,,,,,,,,,,,,,,,,,,,,,,,,,,,,,,,,,,,,,,,5,3,I'd view ${lm://Field/5} very negatively,2,3,I wouldn't view ${lm://Field/5} negatively at all,6,3,2,I'd view ${lm://Field/5} very negatively,3,2,2,2,I wouldn't view ${lm://Field/5} negatively at all,2,4,4,5,6,I'd view ${lm://Field/5} very negatively,I wouldn't view ${lm://Field/5} negatively at all,3,6,4,I wouldn't view ${lm://Field/5} negatively at all,2,5,5,18,,750651
2018-01-24 21:05:03,2018-01-24 21:09:30,IP Address,128.171.41.18,100,267,True,2018-01-24 21:09:30,R_vps3HpfBtFCNjLX,,,,,21.306900024414,-157.85830688477,anonymous,EN,I have read the above information and agree to participate,Female,,,,,,,,,,,,,,,,,,,,,,,,,,,,,,,,,,,,,,,,,,,,,,,,,,,,,,,,,,,,,,,,,,,,,,,,,,,,,,,,,,,,,,,,,,,,2,I wouldn't view ${lm://Field/5} negatively at all,I'd view ${lm://Field/5} very negatively,I wouldn't view ${lm://Field/5} negatively at all,2,I wouldn't view ${lm://Field/5} negatively at all,6,2,I wouldn't view ${lm://Field/5} negatively at all,6,I wouldn't view ${lm://Field/5} negatively at all,I wouldn't view ${lm://Field/5} negatively at all,I wouldn't view ${lm://Field/5} negatively at all,I wouldn't view ${lm://Field/5} negatively at all,I wouldn't view ${lm://Field/5} negatively at all,4,4,4,4,I wouldn't view ${lm://Field/5} negatively at all,6,I wouldn't view ${lm://Field/5} negatively at all,2,I'd view ${lm://Field/5} very negatively,I wouldn't view ${lm://Field/5} negatively at all,I wouldn't view ${lm://Field/5} negatively at all,I wouldn't view ${lm://Field/5} negatively at all,6,5,18,,752991
2018-01-24 21:11:51,2018-01-24 21:18:52,IP Address,128.171.41.23,100,421,True,2018-01-24 21:18:53,R_6JX9dha2eColbaN,,,,,21.306900024414,-157.85830688477,anonymous,EN,I have read the above information and agree to participate,Male,,2,2,a lot of shame,2,5,2,a lot of shame,a lot of shame,6,6,3,5,no shame at all,4,4,3,3,a lot of shame,5,5,6,3,a lot of shame,a lot of shame,6,4,2,6,5,,,,,,,,,,,,,,,,,,,,,,,,,,,,,,,,,,,,,,,,,,,,,,,,,,,,,,,,,,,,,,,,,,,,,,,,,,,,,,,,,,,,,,,,,,,18,,553609
2018-01-26 19:36:24,2018-01-26 20:05:34,IP Address,128.171.41.8,100,1749,True,2018-01-26 20:05:34,R_z1BQh0rEcO9OVQB,,,,,21.306900024414,-157.85830688477,anonymous,EN,I have read the above information and agree to participate,Female,,,,,,,,,,,,,,,,,,,,,,,,,,,,,,,,no shame at all,4,5,2,a lot of shame,no shame at all,a lot of shame,6,no shame at all,6,a lot of shame,5,3,a lot of shame,6,a lot of shame,5,a lot of shame,a lot of shame,6,5,no shame at all,a lot of shame,a lot of shame,a lot of shame,5,3,a lot of shame,6,,,,,,,,,,,,,,,,,,,,,,,,,,,,,,,,,,,,,,,,,,,,,,,,,,,,,,,,,,,,,18,,448615
2018-01-26 19:35:23,2018-01-26 20:05:52,IP Address,128.171.41.15,100,1829,True,2018-01-26 20:05:53,R_1LYFKfx1wLy2cK1,,,,,21.306900024414,-157.85830688477,anonymous,EN,I have read the above information and agree to participate,Male,,,,,,,,,,,,,,,,,,,,,,,,,,,,,,,,,,,,,,,,,,,,,,,,,,,,,,,,,,,,,,4,I wouldn't view ${lm://Field/5} negatively at all,I'd view ${lm://Field/5} very negatively,3,4,I wouldn't view ${lm://Field/5} negatively at all,6,4,3,6,I wouldn't view ${lm://Field/5} negatively at all,2,I wouldn't view ${lm://Field/5} negatively at all,4,I wouldn't view ${lm://Field/5} negatively at all,3,I wouldn't view ${lm://Field/5} negatively at all,4,4,6,6,I wouldn't view ${lm://Field/5} negatively at all,5,3,3,I wouldn't view ${lm://Field/5} negatively at all,2,5,4,,,,,,,,,,,,,,,,,,,,,,,,,,,,,,,19,,277911
2018-01-26 19:36:21,2018-01-26 20:06:44,IP Address,128.171.41.9,100,1822,True,2018-01-26 20:06:44,R_3HXIXMKvJh4367o,,,,,21.306900024414,-157.85830688477,anonymous,EN,I have read the above information and agree to participate,Female,,,,,,,,,,,,,,,,,,,,,,,,,,,,,,,,no shame at all,a lot of shame,a lot of shame,4,a lot of shame,no shame at all,4,a lot of shame,a lot of shame,a lot of shame,a lot of shame,2,no shame at all,a lot of shame,4,3,6,6,a lot of shame,a lot of shame,a lot of shame,no shame at all,5,a lot of shame,4,6,4,a lot of shame,5,,,,,,,,,,,,,,,,,,,,,,,,,,,,,,,,,,,,,,,,,,,,,,,,,,,,,,,,,,,,,18,,998227
2018-01-26 19:35:27,2018-01-26 20:08:14,IP Address,128.171.41.14,100,1966,True,2018-01-26 20:08:15,R_2sDmC7qyeLhXsxr,,,,,21.306900024414,-157.85830688477,anonymous,EN,I have read the above information and agree to participate,Male,,,,,,,,,,,,,,,,,,,,,,,,,,,,,,,,,,,,,,,,,,,,,,,,,,,,,,,,,,,,,,4,I wouldn't view ${lm://Field/5} negatively at all,I'd view ${lm://Field/5} very negatively,I wouldn't view ${lm://Field/5} negatively at all,I wouldn't view ${lm://Field/5} negatively at all,I wouldn't view ${lm://Field/5} negatively at all,5,5,I wouldn't view ${lm://Field/5} negatively at all,5,I wouldn't view ${lm://Field/5} negatively at all,I wouldn't view ${lm://Field/5} negatively at all,I wouldn't view ${lm://Field/5} negatively at all,I wouldn't view ${lm://Field/5} negatively at all,I'd view ${lm://Field/5} very negatively,4,I wouldn't view ${lm://Field/5} negatively at all,I wouldn't view ${lm://Field/5} negatively at all,5,6,I'd view ${lm://Field/5} very negatively,I wouldn't view ${lm://Field/5} negatively at all,4,4,I wouldn't view ${lm://Field/5} negatively at all,I wouldn't view ${lm://Field/5} negatively at all,I wouldn't view ${lm://Field/5} negatively at all,I'd view ${lm://Field/5} very negatively,I wouldn't view ${lm://Field/5} negatively at all,,,,,,,,,,,,,,,,,,,,,,,,,,,,,,,20,,115047
2018-01-26 20:05:29,2018-01-26 20:08:45,IP Address,128.171.41.11,100,196,True,2018-01-26 20:08:46,R_3G6A1j7Sna5VKxu,,,,,21.306900024414,-157.85830688477,anonymous,EN,I have read the above information and agree to participate,Male,,3,5,a lot of shame,3,4,no shame at all,a lot of shame,5,3,5,5,3,4,5,no shame at all,3,3,a lot of shame,5,a lot of shame,a lot of shame,5,5,6,5,4,5,a lot of shame,4,,,,,,,,,,,,,,,,,,,,,,,,,,,,,,,,,,,,,,,,,,,,,,,,,,,,,,,,,,,,,,,,,,,,,,,,,,,,,,,,,,,,,,,,,,,18,,657523
2018-01-26 20:09:10,2018-01-26 20:14:33,IP Address,128.171.41.17,100,323,True,2018-01-26 20:14:34,R_23ZV3kSvFyR3OkN,,,,,21.306900024414,-157.85830688477,anonymous,EN,I have read the above information and agree to participate,Female,,,,,,,,,,,,,,,,,,,,,,,,,,,,,,,,,,,,,,,,,,,,,,,,,,,,,,,,,,,,,,,,,,,,,,,,,,,,,,,,,,,,,,,,,,,,2,I wouldn't view ${lm://Field/5} negatively at all,5,4,I wouldn't view ${lm://Field/5} negatively at all,I wouldn't view ${lm://Field/5} negatively at all,6,6,3,5,2,3,I wouldn't view ${lm://Field/5} negatively at all,2,2,5,2,4,5,5,I'd view ${lm://Field/5} very negatively,I wouldn't view ${lm://Field/5} negatively at all,I wouldn't view ${lm://Field/5} negatively at all,5,I wouldn't view ${lm://Field/5} negatively at all,I wouldn't view ${lm://Field/5} negatively at all,I wouldn't view ${lm://Field/5} negatively at all,5,6,24,,463131
2018-01-26 20:13:20,2018-01-26 20:15:40,IP Address,128.171.41.13,100,140,True,2018-01-26 20:15:41,R_1F4cV2PG5y2wLXO,,,,,21.306900024414,-157.85830688477,anonymous,EN,I have read the above information and agree to participate,Female,,,,,,,,,,,,,,,,,,,,,,,,,,,,,,,,,,,,,,,,,,,,,,,,,,,,,,,,,,,,,,,,,,,,,,,,,,,,,,,,,,,,,,,,,,,,I wouldn't view ${lm://Field/5} negatively at all,I wouldn't view ${lm://Field/5} negatively at all,I'd view ${lm://Field/5} very negatively,I wouldn't view ${lm://Field/5} negatively at all,I wouldn't view ${lm://Field/5} negatively at all,I wouldn't view ${lm://Field/5} negatively at all,I'd view ${lm://Field/5} very negatively,I'd view ${lm://Field/5} very negatively,I wouldn't view ${lm://Field/5} negatively at all,I wouldn't view ${lm://Field/5} negatively at all,2,I wouldn't view ${lm://Field/5} negatively at all,I wouldn't view ${lm://Field/5} negatively at all,I wouldn't view ${lm://Field/5} negatively at all,I wouldn't view ${lm://Field/5} negatively at all,I wouldn't view ${lm://Field/5} negatively at all,I wouldn't view ${lm://Field/5} negatively at all,I wouldn't view ${lm://Field/5} negatively at all,I wouldn't view ${lm://Field/5} negatively at all,I wouldn't view ${lm://Field/5} negatively at all,I wouldn't view ${lm://Field/5} negatively at all,I wouldn't view ${lm://Field/5} negatively at all,4,I wouldn't view ${lm://Field/5} negatively at all,I wouldn't view ${lm://Field/5} negatively at all,2,I wouldn't view ${lm://Field/5} negatively at all,I wouldn't view ${lm://Field/5} negatively at all,2,20,,377766
2018-01-26 20:14:50,2018-01-26 20:18:23,IP Address,128.171.41.12,100,212,True,2018-01-26 20:18:24,R_3HNSXl4QmhYTrxP,,,,,21.306900024414,-157.85830688477,anonymous,EN,I have read the above information and agree to participate,Male,,no shame at all,6,a lot of shame,a lot of shame,a lot of shame,2,4,a lot of shame,6,a lot of shame,a lot of shame,no shame at all,no shame at all,2,a lot of shame,5,4,4,6,5,3,a lot of shame,a lot of shame,no shame at all,5,no shame at all,5,a lot of shame,a lot of shame,,,,,,,,,,,,,,,,,,,,,,,,,,,,,,,,,,,,,,,,,,,,,,,,,,,,,,,,,,,,,,,,,,,,,,,,,,,,,,,,,,,,,,,,,,,24,,575508
2018-01-26 20:15:23,2018-01-26 20:18:30,IP Address,128.171.41.16,100,186,True,2018-01-26 20:18:31,R_1M3Y7s62fqqyGlm,,,,,21.306900024414,-157.85830688477,anonymous,EN,I have read the above information and agree to participate,Female,,,,,,,,,,,,,,,,,,,,,,,,,,,,,,,,no shame at all,6,a lot of shame,5,2,no shame at all,a lot of shame,a lot of shame,3,a lot of shame,5,no shame at all,2,a lot of shame,5,6,6,3,5,a lot of shame,a lot of shame,no shame at all,6,4,6,3,4,a lot of shame,5,,,,,,,,,,,,,,,,,,,,,,,,,,,,,,,,,,,,,,,,,,,,,,,,,,,,,,,,,,,,,20,,375719
2018-01-26 20:15:17,2018-01-26 20:20:30,IP Address,128.171.41.18,100,313,True,2018-01-26 20:20:30,R_33BfUlzunoKgdYN,,,,,21.306900024414,-157.85830688477,anonymous,EN,I have read the above information and agree to participate,Male,,,,,,,,,,,,,,,,,,,,,,,,,,,,,,,,,,,,,,,,,,,,,,,,,,,,,,,,,,,,,,5,I wouldn't view ${lm://Field/5} negatively at all,I wouldn't view ${lm://Field/5} negatively at all,I wouldn't view ${lm://Field/5} negatively at all,I wouldn't view ${lm://Field/5} negatively at all,I wouldn't view ${lm://Field/5} negatively at all,I'd view ${lm://Field/5} very negatively,I wouldn't view ${lm://Field/5} negatively at all,I wouldn't view ${lm://Field/5} negatively at all,5,I wouldn't view ${lm://Field/5} negatively at all,I wouldn't view ${lm://Field/5} negatively at all,I wouldn't view ${lm://Field/5} negatively at all,I wouldn't view ${lm://Field/5} negatively at all,I wouldn't view ${lm://Field/5} negatively at all,I wouldn't view ${lm://Field/5} negatively at all,I wouldn't view ${lm://Field/5} negatively at all,I wouldn't view ${lm://Field/5} negatively at all,5,I'd view ${lm://Field/5} very negatively,I'd view ${lm://Field/5} very negatively,I wouldn't view ${lm://Field/5} negatively at all,4,6,I wouldn't view ${lm://Field/5} negatively at all,I wouldn't view ${lm://Field/5} negatively at all,I wouldn't view ${lm://Field/5} negatively at all,I wouldn't view ${lm://Field/5} negatively at all,4,,,,,,,,,,,,,,,,,,,,,,,,,,,,,,,18,,490622
2018-01-26 20:20:35,2018-01-26 20:24:27,IP Address,128.171.41.19,100,231,True,2018-01-26 20:24:27,R_2y7UxhIXjO0qCIy,,,,,21.306900024414,-157.85830688477,anonymous,EN,I have read the above information and agree to participate,Female,,,,,,,,,,,,,,,,,,,,,,,,,,,,,,,,no shame at all,6,a lot of shame,5,2,6,a lot of shame,a lot of shame,no shame at all,6,a lot of shame,5,6,no shame at all,a lot of shame,a lot of shame,no shame at all,no shame at all,no shame at all,no shame at all,a lot of shame,a lot of shame,a lot of shame,a lot of shame,3,6,4,6,5,,,,,,,,,,,,,,,,,,,,,,,,,,,,,,,,,,,,,,,,,,,,,,,,,,,,,,,,,,,,,25,,366753
2018-01-26 20:22:00,2018-01-26 20:27:06,IP Address,128.171.41.10,100,306,True,2018-01-26 20:27:06,R_2AM4bXpD9sgaJN7,,,,,21.306900024414,-157.85830688477,anonymous,EN,I have read the above information and agree to participate,Female,,,,,,,,,,,,,,,,,,,,,,,,,,,,,,,,,,,,,,,,,,,,,,,,,,,,,,,,,,,,,,,,,,,,,,,,,,,,,,,,,,,,,,,,,,,,5,I wouldn't view ${lm://Field/5} negatively at all,I'd view ${lm://Field/5} very negatively,4,2,I wouldn't view ${lm://Field/5} negatively at all,6,4,I wouldn't view ${lm://Field/5} negatively at all,6,I wouldn't view ${lm://Field/5} negatively at all,2,I wouldn't view ${lm://Field/5} negatively at all,2,4,4,3,5,5,5,6,I wouldn't view ${lm://Field/5} negatively at all,5,3,I wouldn't view ${lm://Field/5} negatively at all,I wouldn't view ${lm://Field/5} negatively at all,I wouldn't view ${lm://Field/5} negatively at all,6,5,24,,666336
2018-01-26 20:29:40,2018-01-26 20:47:29,IP Address,128.171.41.9,100,1068,True,2018-01-26 20:47:30,R_3lY1VF34zNnOKJg,,,,,21.306900024414,-157.85830688477,anonymous,EN,I have read the above information and agree to participate,Male,,,,,,,,,,,,,,,,,,,,,,,,,,,,,,,,,,,,,,,,,,,,,,,,,,,,,,,,,,,,,,I wouldn't view ${lm://Field/5} negatively at all,2,4,2,4,I wouldn't view ${lm://Field/5} negatively at all,5,5,I wouldn't view ${lm://Field/5} negatively at all,5,5,3,I wouldn't view ${lm://Field/5} negatively at all,I wouldn't view ${lm://Field/5} negatively at all,I'd view ${lm://Field/5} very negatively,3,I wouldn't view ${lm://Field/5} negatively at all,3,5,5,6,I wouldn't view ${lm://Field/5} negatively at all,I'd view ${lm://Field/5} very negatively,5,2,3,2,5,I'd view ${lm://Field/5} very negatively,,,,,,,,,,,,,,,,,,,,,,,,,,,,,,,19,,569282
2018-01-26 20:29:36,2018-01-26 20:48:16,IP Address,128.171.41.8,100,1119,True,2018-01-26 20:48:16,R_TiTo8TPDVZwiLNT,,,,,21.306900024414,-157.85830688477,anonymous,EN,I have read the above information and agree to participate,Female,,,,,,,,,,,,,,,,,,,,,,,,,,,,,,,,a lot of shame,6,a lot of shame,no shame at all,4,no shame at all,a lot of shame,a lot of shame,a lot of shame,a lot of shame,a lot of shame,no shame at all,no shame at all,a lot of shame,no shame at all,no shame at all,a lot of shame,a lot of shame,a lot of shame,a lot of shame,a lot of shame,no shame at all,5,a lot of shame,no shame at all,a lot of shame,no shame at all,a lot of shame,no shame at all,,,,,,,,,,,,,,,,,,,,,,,,,,,,,,,,,,,,,,,,,,,,,,,,,,,,,,,,,,,,,44,,930941
2018-01-26 20:47:14,2018-01-26 20:52:04,IP Address,128.171.41.11,100,290,True,2018-01-26 20:52:05,R_3Dw4n5xXpXnRFpi,,,,,21.306900024414,-157.85830688477,anonymous,EN,I have read the above information and agree to participate,Male,,5,2,a lot of shame,2,3,2,6,6,6,a lot of shame,3,no shame at all,3,6,no shame at all,a lot of shame,4,a lot of shame,5,6,6,no shame at all,2,4,6,5,5,4,2,,,,,,,,,,,,,,,,,,,,,,,,,,,,,,,,,,,,,,,,,,,,,,,,,,,,,,,,,,,,,,,,,,,,,,,,,,,,,,,,,,,,,,,,,,,22,,151621
2018-01-26 20:57:16,2018-01-26 21:01:55,IP Address,128.171.41.12,100,279,True,2018-01-26 21:01:56,R_1jCWIH1oquWVkcB,,,,,21.306900024414,-157.85830688477,anonymous,EN,I have read the above information and agree to participate,Female,,,,,,,,,,,,,,,,,,,,,,,,,,,,,,,,,,,,,,,,,,,,,,,,,,,,,,,,,,,,,,,,,,,,,,,,,,,,,,,,,,,,,,,,,,,,I wouldn't view ${lm://Field/5} negatively at all,I wouldn't view ${lm://Field/5} negatively at all,I'd view ${lm://Field/5} very negatively,4,I wouldn't view ${lm://Field/5} negatively at all,I wouldn't view ${lm://Field/5} negatively at all,I'd view ${lm://Field/5} very negatively,2,I wouldn't view ${lm://Field/5} negatively at all,I'd view ${lm://Field/5} very negatively,I wouldn't view ${lm://Field/5} negatively at all,I wouldn't view ${lm://Field/5} negatively at all,3,I wouldn't view ${lm://Field/5} negatively at all,I wouldn't view ${lm://Field/5} negatively at all,3,4,5,I'd view ${lm://Field/5} very negatively,6,I'd view ${lm://Field/5} very negatively,I wouldn't view ${lm://Field/5} negatively at all,I wouldn't view ${lm://Field/5} negatively at all,5,I wouldn't view ${lm://Field/5} negatively at all,I wouldn't view ${lm://Field/5} negatively at all,I wouldn't view ${lm://Field/5} negatively at all,I'd view ${lm://Field/5} very negatively,5,19,,626695
2018-01-26 20:30:30,2018-01-26 21:02:22,IP Address,128.171.41.14,100,1911,True,2018-01-26 21:02:23,R_237c9OjWcfVSPZg,,,,,21.306900024414,-157.85830688477,anonymous,EN,I have read the above information and agree to participate,Female,,,,,,,,,,,,,,,,,,,,,,,,,,,,,,,,3,4,a lot of shame,3,2,no shame at all,a lot of shame,5,no shame at all,a lot of shame,2,a lot of shame,3,3,a lot of shame,a lot of shame,5,a lot of shame,6,6,6,4,6,a lot of shame,6,3,2,3,6,,,,,,,,,,,,,,,,,,,,,,,,,,,,,,,,,,,,,,,,,,,,,,,,,,,,,,,,,,,,,18,,364943
2018-01-26 21:05:21,2018-01-26 21:11:06,IP Address,128.171.41.10,100,345,True,2018-01-26 21:11:07,R_2QhrVL0xWfn4MeL,,,,,21.306900024414,-157.85830688477,anonymous,EN,I have read the above information and agree to participate,Female,,,,,,,,,,,,,,,,,,,,,,,,,,,,,,,,,,,,,,,,,,,,,,,,,,,,,,,,,,,,,,,,,,,,,,,,,,,,,,,,,,,,,,,,,,,,I'd view ${lm://Field/5} very negatively,2,I'd view ${lm://Field/5} very negatively,3,2,I wouldn't view ${lm://Field/5} negatively at all,I'd view ${lm://Field/5} very negatively,2,I wouldn't view ${lm://Field/5} negatively at all,I'd view ${lm://Field/5} very negatively,2,3,I wouldn't view ${lm://Field/5} negatively at all,2,2,2,3,4,5,I'd view ${lm://Field/5} very negatively,6,I wouldn't view ${lm://Field/5} negatively at all,2,4,2,2,I wouldn't view ${lm://Field/5} negatively at all,6,5,18,,100754
2018-01-26 21:18:08,2018-01-26 21:24:06,IP Address,128.171.41.13,100,357,True,2018-01-26 21:24:07,R_1mjZ1rdmKj7cpYz,,,,,21.306900024414,-157.85830688477,anonymous,EN,I have read the above information and agree to participate,Female,,,,,,,,,,,,,,,,,,,,,,,,,,,,,,,,a lot of shame,5,a lot of shame,4,3,2,5,5,2,4,a lot of shame,4,4,4,4,3,4,2,4,5,6,no shame at all,4,5,3,3,3,5,4,,,,,,,,,,,,,,,,,,,,,,,,,,,,,,,,,,,,,,,,,,,,,,,,,,,,,,,,,,,,,37,"What does Poor mean?
",774986
