﻿profileLoop.thisRepN,profileLoop.thisTrialN,profileLoop.thisN,profileLoop.thisIndex,key_resp_instructionScreen.keys,key_resp_instructionScreen.rt,key_resp_profile.keys,key_resp_profile.rt,key_resp_question.keys,key_resp_question.rt,key_resp_question_2.keys,key_resp_question_2.rt,key_resp_question_3.keys,key_resp_question_3.rt,key_resp_question_4.keys,key_resp_question_4.rt,key_resp_ranking.keys,key_resp_ranking.rt,key_resp_4.keys,key_resp_4.rt,participant,expName,session,psychopyVersion,frameRate,date,
,,,,space,2.039874484000393,,,,,,,,,,,,,,,999,appleJacksRaceHiringStudy,1,3.0.2,60.02824472976057,2019_Jan_28_1206,
0,0,0,0,,,space,1.1807945939999627,space,2.833221601999867,space,0.6169678349997412,space,0.4668934149995039,space,0.5002361480001127,,,,,999,appleJacksRaceHiringStudy,1,3.0.2,60.02824472976057,2019_Jan_28_1206,
1,0,1,0,,,space,2.0334518599993316,space,0.9334502399997291,space,0.5835100610001973,space,0.4666159790003803,space,0.4334831230007694,,,,,999,appleJacksRaceHiringStudy,1,3.0.2,60.02824472976057,2019_Jan_28_1206,
2,0,2,0,,,space,0.8334311700000399,space,0.5168264869998893,space,0.21696583399989322,space,0.2168900400001803,space,0.366900015000283,,,,,999,appleJacksRaceHiringStudy,1,3.0.2,60.02824472976057,2019_Jan_28_1206,
3,0,3,0,,,space,2.133284814000035,1,0.35013212300054875,2,0.08354737100034981,3,0.6667718389999209,4,0.500207577000765,,,,,999,appleJacksRaceHiringStudy,1,3.0.2,60.02824472976057,2019_Jan_28_1206,
4,0,4,0,,,space,2.1666438629999902,space,0.6001650449998124,y,0.6668339899997591,n,0.750240756000494,space,0.7834630050001579,,,,,999,appleJacksRaceHiringStudy,1,3.0.2,60.02824472976057,2019_Jan_28_1206,
5,0,5,0,,,space,0.4490612669997063,space,0.25021494799966604,space,0.18355194800005847,space,0.16682088400011708,space,0.20022105900079623,,,,,999,appleJacksRaceHiringStudy,1,3.0.2,60.02824472976057,2019_Jan_28_1206,
6,0,6,0,,,space,0.13351619899913203,space,0.16688913100006175,space,0.21688436299973546,space,0.2002167560003727,space,0.20021479500064743,,,,,999,appleJacksRaceHiringStudy,1,3.0.2,60.02824472976057,2019_Jan_28_1206,
7,0,7,0,,,space,0.36689697400015575,space,0.18351115600034973,space,0.15021627900023304,space,0.20019732000037038,space,0.1834512839996023,,,,,999,appleJacksRaceHiringStudy,1,3.0.2,60.02824472976057,2019_Jan_28_1206,
,,,,,,,,,,,,,,,,space,4.29179692300022,,,999,appleJacksRaceHiringStudy,1,3.0.2,60.02824472976057,2019_Jan_28_1206,
,,,,,,,,,,,,,,,,,,space,0.7834747280003285,999,appleJacksRaceHiringStudy,1,3.0.2,60.02824472976057,2019_Jan_28_1206,
